id,unstable_prob,stable_prob
TEST_0001,0.010869463,0.98913056
TEST_0002,0.8258417,0.17415828
TEST_0003,0.9980671,0.001932919
TEST_0004,0.9995138,0.0004861951
TEST_0005,0.010094034,0.98990595
TEST_0006,0.9982983,0.0017017126
TEST_0007,0.0030092576,0.99699074
TEST_0008,0.9995136,0.0004863739
TEST_0009,0.9979807,0.0020192862
TEST_0010,0.007858335,0.99214166
TEST_0011,0.9991735,0.000826478
TEST_0012,0.009482118,0.99051785
TEST_0013,0.43482265,0.5651773
TEST_0014,0.6222768,0.37772322
TEST_0015,0.9984478,0.0015522242
TEST_0016,0.99949205,0.0005079508
TEST_0017,0.015789248,0.9842107
TEST_0018,0.996991,0.0030090213
TEST_0019,0.9971511,0.0028489232
TEST_0020,0.009499642,0.99050033
TEST_0021,0.9470053,0.052994728
TEST_0022,0.0065032975,0.9934967
TEST_0023,0.008386445,0.99161357
TEST_0024,0.99828625,0.0017137527
TEST_0025,0.01633454,0.98366547
TEST_0026,0.00831836,0.99168164
TEST_0027,0.03917787,0.9608221
TEST_0028,0.79920876,0.20079124
TEST_0029,0.99846756,0.0015324354
TEST_0030,0.9982313,0.0017687082
TEST_0031,0.0068755373,0.9931245
TEST_0032,0.005280031,0.99472
TEST_0033,0.008854389,0.9911456
TEST_0034,0.9725174,0.027482629
TEST_0035,0.076395646,0.92360437
TEST_0036,0.0061579407,0.99384207
TEST_0037,0.9980729,0.0019270778
TEST_0038,0.999231,0.0007690191
TEST_0039,0.009985952,0.9900141
TEST_0040,0.020858463,0.97914153
TEST_0041,0.0072859153,0.9927141
TEST_0042,0.0037116054,0.9962884
TEST_0043,0.0071686036,0.9928314
TEST_0044,0.9969679,0.0030320883
TEST_0045,0.006851355,0.9931486
TEST_0046,0.006773931,0.99322605
TEST_0047,0.99952143,0.0004785657
TEST_0048,0.00886357,0.99113643
TEST_0049,0.009140414,0.99085957
TEST_0050,0.67471564,0.32528436
TEST_0051,0.9992901,0.0007098913
TEST_0052,0.9970621,0.002937913
TEST_0053,0.0027965703,0.9972034
TEST_0054,0.99959695,0.0004030466
TEST_0055,0.051365755,0.94863427
TEST_0056,0.0070700035,0.99293
TEST_0057,0.99922293,0.00077706575
TEST_0058,0.011378137,0.9886219
TEST_0059,0.0091399485,0.99086004
TEST_0060,0.9986059,0.001394093
TEST_0061,0.010821005,0.989179
TEST_0062,0.007836066,0.99216396
TEST_0063,0.9970878,0.0029122233
TEST_0064,0.007096569,0.9929034
TEST_0065,0.9994486,0.00055140257
TEST_0066,0.6179883,0.3820117
TEST_0067,0.9994606,0.00053942204
TEST_0068,0.9659195,0.034080505
TEST_0069,0.0058381744,0.99416184
TEST_0070,0.92970407,0.07029593
TEST_0071,0.010113826,0.98988616
TEST_0072,0.968119,0.031880975
TEST_0073,0.5184145,0.4815855
TEST_0074,0.95566386,0.04433614
TEST_0075,0.017165877,0.9828341
TEST_0076,0.005191879,0.99480814
TEST_0077,0.99486864,0.005131364
TEST_0078,0.00749356,0.99250644
TEST_0079,0.99895895,0.0010410547
TEST_0080,0.0053359433,0.9946641
TEST_0081,0.99701846,0.0029815435
TEST_0082,0.012657118,0.9873429
TEST_0083,0.008642144,0.99135786
TEST_0084,0.033333194,0.9666668
TEST_0085,0.005262839,0.99473715
TEST_0086,0.99825823,0.0017417669
TEST_0087,0.86558497,0.13441503
TEST_0088,0.9986585,0.0013415217
TEST_0089,0.9998151,0.00018489361
TEST_0090,0.07792855,0.92207146
TEST_0091,0.06963468,0.9303653
TEST_0092,0.014409399,0.9855906
TEST_0093,0.99854785,0.001452148
TEST_0094,0.0043783314,0.9956217
TEST_0095,0.7108344,0.28916562
TEST_0096,0.0036468476,0.99635315
TEST_0097,0.20068225,0.7993177
TEST_0098,0.0028761295,0.9971239
TEST_0099,0.0067481073,0.9932519
TEST_0100,0.7722285,0.22777152
TEST_0101,0.9989506,0.0010493994
TEST_0102,0.009297917,0.9907021
TEST_0103,0.96474695,0.035253048
TEST_0104,0.004675778,0.9953242
TEST_0105,0.9986893,0.0013107061
TEST_0106,0.019476864,0.9805231
TEST_0107,0.9967211,0.003278911
TEST_0108,0.9961131,0.0038868785
TEST_0109,0.010057525,0.9899425
TEST_0110,0.9987057,0.0012943149
TEST_0111,0.99879473,0.0012052655
TEST_0112,0.99886674,0.0011332631
TEST_0113,0.8608645,0.13913548
TEST_0114,0.79876953,0.20123047
TEST_0115,0.006157289,0.9938427
TEST_0116,0.00275718,0.9972428
TEST_0117,0.0027421736,0.9972578
TEST_0118,0.8252983,0.17470169
TEST_0119,0.9994807,0.00051927567
TEST_0120,0.014898002,0.985102
TEST_0121,0.78775525,0.21224475
TEST_0122,0.0065001496,0.9934999
TEST_0123,0.9449873,0.055012703
TEST_0124,0.008297119,0.99170285
TEST_0125,0.009131558,0.99086845
TEST_0126,0.99867094,0.0013290644
TEST_0127,0.9995128,0.00048720837
TEST_0128,0.007125251,0.99287474
TEST_0129,0.9931877,0.0068122745
TEST_0130,0.99920577,0.0007942319
TEST_0131,0.9974133,0.0025867224
TEST_0132,0.9984865,0.0015134811
TEST_0133,0.009468727,0.99053127
TEST_0134,0.9980933,0.001906693
TEST_0135,0.99564266,0.004357338
TEST_0136,0.004362478,0.99563754
TEST_0137,0.0027428432,0.9972572
TEST_0138,0.009461285,0.9905387
TEST_0139,0.031571098,0.9684289
TEST_0140,0.017832989,0.982167
TEST_0141,0.11581914,0.88418084
TEST_0142,0.10791017,0.89208984
TEST_0143,0.006478326,0.9935217
TEST_0144,0.004906579,0.9950934
TEST_0145,0.99946195,0.0005380511
TEST_0146,0.99882525,0.001174748
TEST_0147,0.9973957,0.0026043057
TEST_0148,0.059656344,0.9403437
TEST_0149,0.99922943,0.00077056885
TEST_0150,0.007167908,0.99283206
TEST_0151,0.0027055223,0.9972945
TEST_0152,0.007238432,0.99276155
TEST_0153,0.9645835,0.035416484
TEST_0154,0.0061852043,0.99381477
TEST_0155,0.9405794,0.059420586
TEST_0156,0.2773242,0.7226758
TEST_0157,0.006056371,0.99394363
TEST_0158,0.9980261,0.001973927
TEST_0159,0.003789043,0.99621093
TEST_0160,0.8079632,0.19203681
TEST_0161,0.07005115,0.92994887
TEST_0162,0.9989584,0.0010415912
TEST_0163,0.9980866,0.0019134283
TEST_0164,0.9996487,0.00035130978
TEST_0165,0.79879755,0.20120245
TEST_0166,0.9983641,0.0016359091
TEST_0167,0.0032869927,0.996713
TEST_0168,0.99218,0.00782001
TEST_0169,0.008531591,0.9914684
TEST_0170,0.0028295259,0.99717045
TEST_0171,0.0109273065,0.9890727
TEST_0172,0.9990921,0.00090789795
TEST_0173,0.013888379,0.98611164
TEST_0174,0.99854314,0.0014568567
TEST_0175,0.011254165,0.9887458
TEST_0176,0.012675375,0.9873246
TEST_0177,0.006854371,0.99314564
TEST_0178,0.0061486247,0.99385136
TEST_0179,0.8811985,0.118801475
TEST_0180,0.99758416,0.0024158359
TEST_0181,0.95915765,0.040842354
TEST_0182,0.9985525,0.0014474988
TEST_0183,0.017222103,0.9827779
TEST_0184,0.9965061,0.003493905
TEST_0185,0.8313588,0.16864121
TEST_0186,0.033432987,0.96656704
TEST_0187,0.002898168,0.99710184
TEST_0188,0.0071555017,0.9928445
TEST_0189,0.9925377,0.0074623227
TEST_0190,0.7911688,0.20883119
TEST_0191,0.9910015,0.008998513
TEST_0192,0.9960869,0.0039131045
TEST_0193,0.99706346,0.002936542
TEST_0194,0.009199103,0.9908009
TEST_0195,0.006711251,0.99328876
TEST_0196,0.003760056,0.99623996
TEST_0197,0.005084728,0.99491525
TEST_0198,0.0027901612,0.99720985
TEST_0199,0.99823534,0.0017646551
TEST_0200,0.047810633,0.9521894
TEST_0201,0.0068176286,0.99318236
TEST_0202,0.9766642,0.023335814
TEST_0203,0.8767525,0.123247504
TEST_0204,0.99939346,0.00060653687
TEST_0205,0.66427505,0.33572495
TEST_0206,0.94485414,0.05514586
TEST_0207,0.008763803,0.9912362
TEST_0208,0.9991106,0.0008894205
TEST_0209,0.9978895,0.0021104813
TEST_0210,0.19031177,0.8096882
TEST_0211,0.003043787,0.9969562
TEST_0212,0.006444834,0.9935552
TEST_0213,0.9815086,0.018491387
TEST_0214,0.71008503,0.28991497
TEST_0215,0.79795134,0.20204866
TEST_0216,0.0029987367,0.9970013
TEST_0217,0.8163789,0.18362111
TEST_0218,0.009122917,0.9908771
TEST_0219,0.998933,0.0010669827
TEST_0220,0.99767625,0.0023237467
TEST_0221,0.044738777,0.95526123
TEST_0222,0.79906243,0.20093757
TEST_0223,0.9987928,0.0012071729
TEST_0224,0.0049140328,0.99508595
TEST_0225,0.9652177,0.03478229
TEST_0226,0.0060460283,0.99395394
TEST_0227,0.99806786,0.0019321442
TEST_0228,0.004548383,0.9954516
TEST_0229,0.99982417,0.0001758337
TEST_0230,0.9995804,0.0004196167
TEST_0231,0.0038118833,0.9961881
TEST_0232,0.9629809,0.037019074
TEST_0233,0.9990268,0.00097322464
TEST_0234,0.9974197,0.002580285
TEST_0235,0.006160726,0.99383926
TEST_0236,0.009284618,0.9907154
TEST_0237,0.0048788437,0.9951212
TEST_0238,0.68420124,0.31579876
TEST_0239,0.062189497,0.9378105
TEST_0240,0.0075872084,0.9924128
TEST_0241,0.005382011,0.994618
TEST_0242,0.10886923,0.89113075
TEST_0243,0.8929577,0.10704231
TEST_0244,0.4466702,0.5533298
TEST_0245,0.13396409,0.86603594
TEST_0246,0.004517206,0.9954828
TEST_0247,0.009444247,0.99055576
TEST_0248,0.005763379,0.99423665
TEST_0249,0.010819542,0.98918045
TEST_0250,0.0038327754,0.99616724
TEST_0251,0.28639928,0.71360075
TEST_0252,0.62717116,0.37282884
TEST_0253,0.99874,0.0012599826
TEST_0254,0.5665124,0.4334876
TEST_0255,0.002842938,0.99715704
TEST_0256,0.22463469,0.7753653
TEST_0257,0.0037606496,0.99623936
TEST_0258,0.96583146,0.03416854
TEST_0259,0.99986935,0.00013065338
TEST_0260,0.054099906,0.9459001
TEST_0261,0.9970137,0.002986312
TEST_0262,0.0028323052,0.9971677
TEST_0263,0.011800284,0.9881997
TEST_0264,0.0030919146,0.99690807
TEST_0265,0.00947683,0.99052316
TEST_0266,0.9915903,0.008409679
TEST_0267,0.999399,0.00060099363
TEST_0268,0.0073367395,0.99266326
TEST_0269,0.96754944,0.032450557
TEST_0270,0.006868304,0.9931317
TEST_0271,0.99894714,0.0010528564
TEST_0272,0.0059449906,0.99405503
TEST_0273,0.9964792,0.0035207868
TEST_0274,0.0114592165,0.98854077
TEST_0275,0.999393,0.0006070137
TEST_0276,0.0071149184,0.99288505
TEST_0277,0.0125230625,0.98747694
TEST_0278,0.8937728,0.10622722
TEST_0279,0.24400683,0.7559932
TEST_0280,0.9996233,0.00037670135
TEST_0281,0.9991062,0.00089377165
TEST_0282,0.9957221,0.004277885
TEST_0283,0.008251412,0.9917486
TEST_0284,0.012450343,0.98754966
TEST_0285,0.011177717,0.9888223
TEST_0286,0.99875593,0.0012440681
TEST_0287,0.0039473996,0.9960526
TEST_0288,0.0056206128,0.9943794
TEST_0289,0.011020089,0.98897994
TEST_0290,0.7030946,0.2969054
TEST_0291,0.9972706,0.002729416
TEST_0292,0.7164211,0.28357887
TEST_0293,0.004760993,0.995239
TEST_0294,0.0112263905,0.9887736
TEST_0295,0.005924914,0.99407506
TEST_0296,0.040109694,0.9598903
TEST_0297,0.86503774,0.13496226
TEST_0298,0.008652926,0.9913471
TEST_0299,0.13776396,0.862236
TEST_0300,0.006545089,0.99345493
TEST_0301,0.99958307,0.0004169345
TEST_0302,0.06727387,0.93272614
TEST_0303,0.0057474794,0.9942525
TEST_0304,0.006067454,0.99393255
TEST_0305,0.9898218,0.010178208
TEST_0306,0.99962616,0.00037384033
TEST_0307,0.05709184,0.94290817
TEST_0308,0.9977046,0.0022953749
TEST_0309,0.99967086,0.00032913685
TEST_0310,0.99845105,0.0015489459
TEST_0311,0.9446497,0.055350304
TEST_0312,0.99890697,0.00109303
TEST_0313,0.9966315,0.003368497
TEST_0314,0.99678457,0.0032154322
TEST_0315,0.0031376206,0.99686235
TEST_0316,0.006097491,0.9939025
TEST_0317,0.010878265,0.98912174
TEST_0318,0.032341238,0.96765876
TEST_0319,0.9961809,0.003819108
TEST_0320,0.0030035716,0.9969964
TEST_0321,0.0057258783,0.99427414
TEST_0322,0.21293816,0.7870618
TEST_0323,0.0023298417,0.9976702
TEST_0324,0.008443464,0.9915565
TEST_0325,0.9987103,0.0012897253
TEST_0326,0.010304881,0.98969513
TEST_0327,0.005558865,0.99444115
TEST_0328,0.99887085,0.0011291504
TEST_0329,0.86509687,0.13490313
TEST_0330,0.0077432664,0.99225676
TEST_0331,0.99915266,0.00084733963
TEST_0332,0.005621719,0.99437827
TEST_0333,0.8467531,0.15324688
TEST_0334,0.999218,0.00078201294
TEST_0335,0.012375975,0.98762405
TEST_0336,0.0029681453,0.99703187
TEST_0337,0.7979671,0.20203292
TEST_0338,0.9995354,0.0004646182
TEST_0339,0.9992693,0.00073069334
TEST_0340,0.9993097,0.0006902814
TEST_0341,0.9976271,0.0023729205
TEST_0342,0.0038791683,0.9961208
TEST_0343,0.012730482,0.9872695
TEST_0344,0.60103285,0.39896715
TEST_0345,0.01118581,0.9888142
TEST_0346,0.0038326052,0.9961674
TEST_0347,0.9989168,0.0010831952
TEST_0348,0.9996599,0.0003401041
TEST_0349,0.007944661,0.99205536
TEST_0350,0.9944459,0.00555408
TEST_0351,0.012179278,0.98782074
TEST_0352,0.02644663,0.97355336
TEST_0353,0.999581,0.00041902065
TEST_0354,0.0034176353,0.9965824
TEST_0355,0.004136788,0.9958632
TEST_0356,0.0107864095,0.9892136
TEST_0357,0.054255657,0.94574434
TEST_0358,0.011658354,0.9883416
TEST_0359,0.01215806,0.98784196
TEST_0360,0.005028232,0.99497175
TEST_0361,0.00638407,0.9936159
TEST_0362,0.99891126,0.0010887384
TEST_0363,0.004089296,0.9959107
TEST_0364,0.014920552,0.98507947
TEST_0365,0.013229197,0.9867708
TEST_0366,0.0060986443,0.9939014
TEST_0367,0.82718486,0.17281514
TEST_0368,0.005914254,0.9940857
TEST_0369,0.008575958,0.991424
TEST_0370,0.61774904,0.38225096
TEST_0371,0.03282634,0.96717364
TEST_0372,0.99985635,0.0001436472
TEST_0373,0.0149938045,0.9850062
TEST_0374,0.07405485,0.92594516
TEST_0375,0.006149468,0.9938505
TEST_0376,0.9990139,0.0009860992
TEST_0377,0.9323446,0.067655385
TEST_0378,0.01175036,0.98824966
TEST_0379,0.99709874,0.002901256
TEST_0380,0.99944305,0.0005569458
TEST_0381,0.011638651,0.98836136
TEST_0382,0.008997551,0.99100244
TEST_0383,0.9994372,0.00056278706
TEST_0384,0.0060085366,0.99399143
TEST_0385,0.0055355188,0.99446446
TEST_0386,0.9312965,0.06870347
TEST_0387,0.99926233,0.0007376671
TEST_0388,0.4818254,0.5181746
TEST_0389,0.9654892,0.03451079
TEST_0390,0.99958324,0.00041675568
TEST_0391,0.006624928,0.99337506
TEST_0392,0.008669503,0.9913305
TEST_0393,0.8314425,0.16855752
TEST_0394,0.01464652,0.98535347
TEST_0395,0.9982151,0.0017849207
TEST_0396,0.004738339,0.99526167
TEST_0397,0.008929765,0.9910702
TEST_0398,0.06416619,0.9358338
TEST_0399,0.7970716,0.20292842
TEST_0400,0.79676175,0.20323825
TEST_0401,0.019660922,0.98033905
TEST_0402,0.0162025,0.9837975
TEST_0403,0.99821836,0.0017816424
TEST_0404,0.99935186,0.0006481409
TEST_0405,0.99888915,0.0011108518
TEST_0406,0.9997225,0.00027751923
TEST_0407,0.8987402,0.10125983
TEST_0408,0.057668842,0.94233114
TEST_0409,0.004240587,0.9957594
TEST_0410,0.96550894,0.034491062
TEST_0411,0.9316777,0.0683223
TEST_0412,0.99708974,0.0029102564
TEST_0413,0.99952316,0.00047683716
TEST_0414,0.0067720143,0.99322796
TEST_0415,0.99797887,0.002021134
TEST_0416,0.9983802,0.0016198158
TEST_0417,0.49689192,0.5031081
TEST_0418,0.9923145,0.0076854825
TEST_0419,0.9989273,0.0010727048
TEST_0420,0.009013826,0.99098617
TEST_0421,0.0046445834,0.9953554
TEST_0422,0.7839435,0.21605653
TEST_0423,0.9991786,0.0008214116
TEST_0424,0.99595165,0.0040483475
TEST_0425,0.017583216,0.9824168
TEST_0426,0.00617431,0.9938257
TEST_0427,0.008777824,0.9912222
TEST_0428,0.0063457773,0.99365425
TEST_0429,0.9989033,0.0010967255
TEST_0430,0.0036073432,0.99639267
TEST_0431,0.006228668,0.9937713
TEST_0432,0.010716929,0.9892831
TEST_0433,0.01181111,0.98818886
TEST_0434,0.013660553,0.98633945
TEST_0435,0.019058438,0.98094153
TEST_0436,0.012262529,0.9877375
TEST_0437,0.2001713,0.7998287
TEST_0438,0.004401087,0.9955989
TEST_0439,0.798398,0.20160198
TEST_0440,0.9995877,0.00041228533
TEST_0441,0.01791202,0.98208797
TEST_0442,0.98868275,0.011317253
TEST_0443,0.9977646,0.0022354126
TEST_0444,0.9995983,0.0004016757
TEST_0445,0.9988924,0.0011075735
TEST_0446,0.9750055,0.024994493
TEST_0447,0.07325014,0.9267499
TEST_0448,0.01394749,0.9860525
TEST_0449,0.9997951,0.00020492077
TEST_0450,0.04172332,0.9582767
TEST_0451,0.997838,0.0021619797
TEST_0452,0.8912737,0.10872632
TEST_0453,0.0067204847,0.9932795
TEST_0454,0.007855832,0.99214417
TEST_0455,0.013121091,0.98687893
TEST_0456,0.9997891,0.00021088123
TEST_0457,0.9981691,0.0018308759
TEST_0458,0.99841195,0.0015880466
TEST_0459,0.0091490345,0.990851
TEST_0460,0.011740783,0.9882592
TEST_0461,0.0059756762,0.99402434
TEST_0462,0.0025284786,0.9974715
TEST_0463,0.99716604,0.0028339624
TEST_0464,0.7790627,0.22093731
TEST_0465,0.0068380213,0.993162
TEST_0466,0.011874142,0.98812586
TEST_0467,0.0076280637,0.9923719
TEST_0468,0.006223011,0.993777
TEST_0469,0.9989069,0.0010930896
TEST_0470,0.0028809016,0.99711907
TEST_0471,0.0067103617,0.99328965
TEST_0472,0.24865179,0.7513482
TEST_0473,0.9432313,0.056768715
TEST_0474,0.0064671123,0.9935329
TEST_0475,0.0073465407,0.9926535
TEST_0476,0.8306112,0.16938877
TEST_0477,0.9635416,0.036458373
TEST_0478,0.9981201,0.0018798709
TEST_0479,0.6808177,0.31918228
TEST_0480,0.99907607,0.0009239316
TEST_0481,0.9788071,0.021192908
TEST_0482,0.013691844,0.98630816
TEST_0483,0.041355304,0.9586447
TEST_0484,0.012533079,0.98746693
TEST_0485,0.9980196,0.001980424
TEST_0486,0.100466505,0.8995335
TEST_0487,0.0054240385,0.994576
TEST_0488,0.0073595443,0.99264044
TEST_0489,0.005422894,0.9945771
TEST_0490,0.9971212,0.0028787851
TEST_0491,0.9647583,0.035241723
TEST_0492,0.99944115,0.00055885315
TEST_0493,0.99844646,0.0015535355
TEST_0494,0.007467267,0.99253273
TEST_0495,0.007411747,0.9925883
TEST_0496,0.0033622172,0.99663776
TEST_0497,0.007860394,0.9921396
TEST_0498,0.927032,0.072968006
TEST_0499,0.99764884,0.0023511648
TEST_0500,0.9014929,0.09850711
TEST_0501,0.87591696,0.12408304
TEST_0502,0.068429686,0.9315703
TEST_0503,0.0045032175,0.9954968
TEST_0504,0.9984007,0.0015993118
TEST_0505,0.99750155,0.002498448
TEST_0506,0.97467387,0.025326133
TEST_0507,0.82649994,0.17350006
TEST_0508,0.011850519,0.98814946
TEST_0509,0.85889566,0.14110434
TEST_0510,0.8318237,0.1681763
TEST_0511,0.0060992585,0.9939007
TEST_0512,0.99880445,0.00119555
TEST_0513,0.00408955,0.99591047
TEST_0514,0.16294086,0.83705914
TEST_0515,0.0048617115,0.9951383
TEST_0516,0.99804133,0.0019586682
TEST_0517,0.00443446,0.99556553
TEST_0518,0.0034918152,0.9965082
TEST_0519,0.3355351,0.6644649
TEST_0520,0.00695491,0.9930451
TEST_0521,0.009396696,0.9906033
TEST_0522,0.021434935,0.97856504
TEST_0523,0.95239294,0.047607064
TEST_0524,0.02076431,0.9792357
TEST_0525,0.0073823705,0.9926176
TEST_0526,0.999248,0.0007519722
TEST_0527,0.96161735,0.03838265
TEST_0528,0.0027585542,0.99724144
TEST_0529,0.99858475,0.0014152527
TEST_0530,0.013017127,0.9869829
TEST_0531,0.99928904,0.0007109642
TEST_0532,0.006664993,0.993335
TEST_0533,0.9217714,0.07822859
TEST_0534,0.0054361867,0.9945638
TEST_0535,0.8989793,0.101020694
TEST_0536,0.46785706,0.53214294
TEST_0537,0.0040497053,0.9959503
TEST_0538,0.005158455,0.9948415
TEST_0539,0.9990978,0.0009021759
TEST_0540,0.4815882,0.51841176
TEST_0541,0.042906374,0.9570936
TEST_0542,0.00543775,0.99456227
TEST_0543,0.04103083,0.9589692
TEST_0544,0.007720071,0.99227995
TEST_0545,0.013154793,0.9868452
TEST_0546,0.999675,0.00032502413
TEST_0547,0.006324844,0.9936752
TEST_0548,0.8301016,0.16989839
TEST_0549,0.9992336,0.0007663965
TEST_0550,0.008555673,0.99144435
TEST_0551,0.005278795,0.99472123
TEST_0552,0.0025413611,0.99745864
TEST_0553,0.99964523,0.00035476685
TEST_0554,0.0069107064,0.9930893
TEST_0555,0.99976504,0.00023496151
TEST_0556,0.9587678,0.04123223
TEST_0557,0.009569598,0.9904304
TEST_0558,0.014531711,0.98546827
TEST_0559,0.0052445442,0.99475545
TEST_0560,0.0028663655,0.9971336
TEST_0561,0.005046564,0.99495345
TEST_0562,0.79884326,0.20115674
TEST_0563,0.9312269,0.06877309
TEST_0564,0.79578805,0.20421195
TEST_0565,0.0070213648,0.99297863
TEST_0566,0.0025229836,0.997477
TEST_0567,0.96436805,0.035631955
TEST_0568,0.008767309,0.9912327
TEST_0569,0.0040973714,0.99590266
TEST_0570,0.96003425,0.03996575
TEST_0571,0.005856117,0.9941439
TEST_0572,0.009000939,0.99099904
TEST_0573,0.96432954,0.03567046
TEST_0574,0.012485316,0.9875147
TEST_0575,0.020086538,0.9799135
TEST_0576,0.9983252,0.0016747713
TEST_0577,0.00474751,0.9952525
TEST_0578,0.024419222,0.97558075
TEST_0579,0.006207764,0.99379224
TEST_0580,0.99863195,0.0013680458
TEST_0581,0.007511732,0.99248827
TEST_0582,0.058492262,0.94150776
TEST_0583,0.997283,0.0027170181
TEST_0584,0.50447553,0.49552447
TEST_0585,0.98751336,0.012486637
TEST_0586,0.024727369,0.97527266
TEST_0587,0.99912566,0.00087434053
TEST_0588,0.9946605,0.0053395033
TEST_0589,0.007196957,0.99280304
TEST_0590,0.012546377,0.98745364
TEST_0591,0.0040185926,0.9959814
TEST_0592,0.9976363,0.0023636818
TEST_0593,0.9956547,0.004345298
TEST_0594,0.9993719,0.00062811375
TEST_0595,0.9948759,0.005124092
TEST_0596,0.009912452,0.99008757
TEST_0597,0.00713173,0.99286824
TEST_0598,0.99785364,0.0021463633
TEST_0599,0.9976122,0.0023878217
TEST_0600,0.9998644,0.00013560057
TEST_0601,0.008603686,0.9913963
TEST_0602,0.009470873,0.9905291
TEST_0603,0.0051715896,0.9948284
TEST_0604,0.005325229,0.99467474
TEST_0605,0.9977285,0.0022714734
TEST_0606,0.9990131,0.0009868741
TEST_0607,0.0064727226,0.9935273
TEST_0608,0.0085187005,0.9914813
TEST_0609,0.91346085,0.08653915
TEST_0610,0.9995638,0.0004361868
TEST_0611,0.008528267,0.9914717
TEST_0612,0.014315394,0.98568463
TEST_0613,0.9971937,0.002806306
TEST_0614,0.87009525,0.12990475
TEST_0615,0.43829218,0.56170785
TEST_0616,0.99509346,0.004906535
TEST_0617,0.7985803,0.20141971
TEST_0618,0.96545523,0.034544766
TEST_0619,0.52747536,0.47252464
TEST_0620,0.00316386,0.9968361
TEST_0621,0.99371433,0.0062856674
TEST_0622,0.011466302,0.9885337
TEST_0623,0.9985193,0.0014806986
TEST_0624,0.004421554,0.99557847
TEST_0625,0.0047030738,0.99529696
TEST_0626,0.99884623,0.0011537671
TEST_0627,0.005098838,0.9949012
TEST_0628,0.7023528,0.29764718
TEST_0629,0.9981184,0.0018815994
TEST_0630,0.9990714,0.00092858076
TEST_0631,0.9982845,0.0017154813
TEST_0632,0.03210096,0.967899
TEST_0633,0.008371732,0.9916283
TEST_0634,0.99392927,0.006070733
TEST_0635,0.9986612,0.0013387799
TEST_0636,0.005745919,0.99425405
TEST_0637,0.016583879,0.98341614
TEST_0638,0.8303315,0.1696685
TEST_0639,0.014182133,0.98581785
TEST_0640,0.9996271,0.00037288666
TEST_0641,0.005727661,0.99427235
TEST_0642,0.0061662598,0.9938337
TEST_0643,0.36147577,0.63852423
TEST_0644,0.0076957582,0.99230427
TEST_0645,0.0066286423,0.99337137
TEST_0646,0.0056983856,0.9943016
TEST_0647,0.9981785,0.001821518
TEST_0648,0.9996254,0.0003746152
TEST_0649,0.9594673,0.04053271
TEST_0650,0.2253133,0.7746867
TEST_0651,0.0061445404,0.9938555
TEST_0652,0.99965537,0.00034463406
TEST_0653,0.96580946,0.034190536
TEST_0654,0.99952793,0.0004720688
TEST_0655,0.9979769,0.0020231009
TEST_0656,0.9976943,0.0023056865
TEST_0657,0.9986264,0.001373589
TEST_0658,0.99925405,0.00074595213
TEST_0659,0.008005051,0.991995
TEST_0660,0.9860563,0.013943672
TEST_0661,0.019934654,0.98006535
TEST_0662,0.8948809,0.10511911
TEST_0663,0.9321023,0.06789768
TEST_0664,0.8654149,0.13458508
TEST_0665,0.0031627752,0.9968372
TEST_0666,0.0132351685,0.98676485
TEST_0667,0.92820567,0.07179433
TEST_0668,0.0058527114,0.9941473
TEST_0669,0.009874577,0.9901254
TEST_0670,0.0040181703,0.9959818
TEST_0671,0.99780273,0.0021972656
TEST_0672,0.9788429,0.021157086
TEST_0673,0.99723303,0.0027669668
TEST_0674,0.9994273,0.0005726814
TEST_0675,0.0055494374,0.99445057
TEST_0676,0.19783856,0.80216146
TEST_0677,0.0071078287,0.99289215
TEST_0678,0.00765633,0.99234366
TEST_0679,0.79856384,0.20143616
TEST_0680,0.011636716,0.98836327
TEST_0681,0.0030556542,0.99694437
TEST_0682,0.004893697,0.9951063
TEST_0683,0.72705495,0.27294505
TEST_0684,0.006874402,0.9931256
TEST_0685,0.998645,0.0013549924
TEST_0686,0.033948455,0.9660515
TEST_0687,0.17021558,0.8297844
TEST_0688,0.99794835,0.0020516515
TEST_0689,0.0027652883,0.9972347
TEST_0690,0.006399116,0.9936009
TEST_0691,0.8663454,0.1336546
TEST_0692,0.93059415,0.069405854
TEST_0693,0.9982313,0.0017687082
TEST_0694,0.9134351,0.0865649
TEST_0695,0.830128,0.16987199
TEST_0696,0.0049683563,0.99503165
TEST_0697,0.9980656,0.0019344091
TEST_0698,0.008239876,0.99176013
TEST_0699,0.085007615,0.9149924
TEST_0700,0.004745049,0.99525493
TEST_0701,0.9991062,0.00089377165
TEST_0702,0.99841547,0.0015845299
TEST_0703,0.99781144,0.0021885633
TEST_0704,0.99749297,0.002507031
TEST_0705,0.8454192,0.15458077
TEST_0706,0.99570096,0.0042990446
TEST_0707,0.4407061,0.55929387
TEST_0708,0.011779703,0.9882203
TEST_0709,0.9986504,0.001349628
TEST_0710,0.6882438,0.3117562
TEST_0711,0.19270882,0.80729115
TEST_0712,0.99773246,0.0022675395
TEST_0713,0.08407849,0.9159215
TEST_0714,0.005819926,0.9941801
TEST_0715,0.0057660528,0.99423397
TEST_0716,0.0043861,0.9956139
TEST_0717,0.013107935,0.98689204
TEST_0718,0.9997532,0.00024682283
TEST_0719,0.99585944,0.004140556
TEST_0720,0.024017211,0.9759828
TEST_0721,0.9973699,0.0026301146
TEST_0722,0.009651491,0.9903485
TEST_0723,0.9992838,0.0007162094
TEST_0724,0.0061391615,0.99386084
TEST_0725,0.0073317736,0.9926682
TEST_0726,0.0056885136,0.9943115
TEST_0727,0.07794907,0.92205095
TEST_0728,0.07412064,0.92587936
TEST_0729,0.008135147,0.99186486
TEST_0730,0.10314963,0.89685035
TEST_0731,0.03420515,0.96579486
TEST_0732,0.04967507,0.95032495
TEST_0733,0.7957856,0.2042144
TEST_0734,0.9997896,0.0002104044
TEST_0735,0.79732996,0.20267004
TEST_0736,0.99733126,0.0026687384
TEST_0737,0.9989848,0.0010151863
TEST_0738,0.008089031,0.991911
TEST_0739,0.22329684,0.7767032
TEST_0740,0.007112133,0.99288785
TEST_0741,0.7827223,0.2172777
TEST_0742,0.99356097,0.00643903
TEST_0743,0.8319969,0.16800308
TEST_0744,0.9645091,0.03549087
TEST_0745,0.007832965,0.99216706
TEST_0746,0.9976899,0.0023100972
TEST_0747,0.7978513,0.20214868
TEST_0748,0.9014412,0.09855878
TEST_0749,0.48262128,0.5173787
TEST_0750,0.9976977,0.002302289
TEST_0751,0.96225816,0.03774184
TEST_0752,0.93551743,0.06448257
TEST_0753,0.998497,0.0015029907
TEST_0754,0.005595207,0.9944048
TEST_0755,0.79850715,0.20149285
TEST_0756,0.9972652,0.0027347803
TEST_0757,0.08982495,0.910175
TEST_0758,0.99802935,0.0019706488
TEST_0759,0.014886873,0.98511314
TEST_0760,0.9988147,0.001185298
TEST_0761,0.005874917,0.99412507
TEST_0762,0.99562377,0.0043762326
TEST_0763,0.011296804,0.9887032
TEST_0764,0.99739265,0.0026073456
TEST_0765,0.06723743,0.93276256
TEST_0766,0.8303424,0.16965759
TEST_0767,0.0027169117,0.9972831
TEST_0768,0.8448868,0.15511322
TEST_0769,0.99920094,0.00079905987
TEST_0770,0.00848135,0.9915187
TEST_0771,0.37549624,0.62450373
TEST_0772,0.0041850773,0.9958149
TEST_0773,0.31817198,0.681828
TEST_0774,0.013165425,0.9868346
TEST_0775,0.005001727,0.9949983
TEST_0776,0.99779224,0.002207756
TEST_0777,0.9982414,0.0017585754
TEST_0778,0.0055059446,0.9944941
TEST_0779,0.0058202287,0.9941798
TEST_0780,0.83067834,0.16932166
TEST_0781,0.99793833,0.002061665
TEST_0782,0.9984484,0.0015516281
TEST_0783,0.014838949,0.98516107
TEST_0784,0.12648487,0.8735151
TEST_0785,0.008674596,0.9913254
TEST_0786,0.004767961,0.99523205
TEST_0787,0.99912965,0.000870347
TEST_0788,0.049940575,0.9500594
TEST_0789,0.012071339,0.9879287
TEST_0790,0.2436382,0.7563618
TEST_0791,0.9982753,0.00172472
TEST_0792,0.99776345,0.002236545
TEST_0793,0.90117997,0.09882003
TEST_0794,0.9992407,0.00075930357
TEST_0795,0.8551399,0.14486009
TEST_0796,0.9987413,0.0012586713
TEST_0797,0.99745595,0.0025440454
TEST_0798,0.86563206,0.13436794
TEST_0799,0.97522986,0.02477014
TEST_0800,0.8250182,0.17498177
TEST_0801,0.73922664,0.26077336
TEST_0802,0.9646472,0.035352826
TEST_0803,0.9645313,0.035468698
TEST_0804,0.83245087,0.16754913
TEST_0805,0.0075745955,0.9924254
TEST_0806,0.013407057,0.98659295
TEST_0807,0.26509905,0.73490095
TEST_0808,0.007854177,0.99214584
TEST_0809,0.0077032,0.9922968
TEST_0810,0.008810739,0.99118924
TEST_0811,0.9990652,0.00093477964
TEST_0812,0.007165408,0.99283457
TEST_0813,0.9987229,0.0012770891
TEST_0814,0.9964468,0.0035532117
TEST_0815,0.993512,0.006488025
TEST_0816,0.97639334,0.023606658
TEST_0817,0.8309344,0.1690656
TEST_0818,0.9989003,0.0010997057
TEST_0819,0.0033525028,0.9966475
TEST_0820,0.9984663,0.0015336871
TEST_0821,0.16127694,0.83872306
TEST_0822,0.9998123,0.00018769503
TEST_0823,0.9990072,0.000992775
TEST_0824,0.8989813,0.10101873
TEST_0825,0.080988534,0.9190115
TEST_0826,0.99842215,0.0015778542
TEST_0827,0.99929273,0.0007072687
TEST_0828,0.006479977,0.99352
TEST_0829,0.006092018,0.993908
TEST_0830,0.99934024,0.0006597638
TEST_0831,0.003664231,0.99633574
TEST_0832,0.7989212,0.20107877
TEST_0833,0.99841833,0.0015816689
TEST_0834,0.0058373185,0.9941627
TEST_0835,0.23445913,0.76554084
TEST_0836,0.9977401,0.00225991
TEST_0837,0.0049752938,0.9950247
TEST_0838,0.9966961,0.0033038855
TEST_0839,0.9964558,0.0035442114
TEST_0840,0.9628832,0.037116826
TEST_0841,0.9992908,0.00070917606
TEST_0842,0.82830065,0.17169935
TEST_0843,0.99410677,0.0058932304
TEST_0844,0.012786925,0.9872131
TEST_0845,0.9603647,0.0396353
TEST_0846,0.9882414,0.0117586255
TEST_0847,0.99894524,0.0010547638
TEST_0848,0.045655403,0.9543446
TEST_0849,0.97858065,0.021419346
TEST_0850,0.0030524977,0.9969475
TEST_0851,0.005509639,0.9944904
TEST_0852,0.9962579,0.0037420988
TEST_0853,0.9996338,0.00036621094
TEST_0854,0.0724998,0.9275002
TEST_0855,0.0031545968,0.9968454
TEST_0856,0.008452601,0.9915474
TEST_0857,0.9992196,0.0007804036
TEST_0858,0.05410091,0.94589907
TEST_0859,0.9987739,0.0012261271
TEST_0860,0.998189,0.0018110275
TEST_0861,0.008609066,0.99139094
TEST_0862,0.0075970264,0.992403
TEST_0863,0.014504036,0.985496
TEST_0864,0.98820144,0.011798561
TEST_0865,0.0109121455,0.9890879
TEST_0866,0.98490286,0.015097141
TEST_0867,0.9585288,0.041471183
TEST_0868,0.006479761,0.99352026
TEST_0869,0.008543635,0.9914564
TEST_0870,0.0048497184,0.99515027
TEST_0871,0.99795496,0.0020450354
TEST_0872,0.008991589,0.9910084
TEST_0873,0.79393804,0.20606196
TEST_0874,0.99931276,0.00068724155
TEST_0875,0.99540484,0.0045951605
TEST_0876,0.9992201,0.0007799268
TEST_0877,0.012462402,0.9875376
TEST_0878,0.6180316,0.38196838
TEST_0879,0.0056847655,0.9943152
TEST_0880,0.0068985582,0.9931014
TEST_0881,0.0050937147,0.9949063
TEST_0882,0.99954396,0.00045603514
TEST_0883,0.0058864267,0.99411356
TEST_0884,0.07927045,0.9207295
TEST_0885,0.99799603,0.0020039678
TEST_0886,0.0062564663,0.99374354
TEST_0887,0.84140396,0.15859604
TEST_0888,0.0050202245,0.9949798
TEST_0889,0.99838716,0.0016128421
TEST_0890,0.0041548647,0.99584514
TEST_0891,0.99865305,0.0013469458
TEST_0892,0.997707,0.0022929907
TEST_0893,0.8243331,0.17566693
TEST_0894,0.0037456688,0.9962543
TEST_0895,0.9995195,0.00048047304
TEST_0896,0.005370474,0.9946295
TEST_0897,0.8403083,0.15969169
TEST_0898,0.018322628,0.98167735
TEST_0899,0.017381467,0.9826185
TEST_0900,0.9649075,0.035092473
TEST_0901,0.77905935,0.22094065
TEST_0902,0.99928886,0.000711143
TEST_0903,0.012947423,0.98705256
TEST_0904,0.0063097053,0.9936903
TEST_0905,0.04316144,0.95683855
TEST_0906,0.9988807,0.0011193156
TEST_0907,0.9984891,0.0015109181
TEST_0908,0.009338513,0.9906615
TEST_0909,0.999495,0.00050497055
TEST_0910,0.010310782,0.98968923
TEST_0911,0.80407333,0.19592667
TEST_0912,0.8495549,0.1504451
TEST_0913,0.003683164,0.99631685
TEST_0914,0.99756545,0.0024345517
TEST_0915,0.0051540365,0.994846
TEST_0916,0.0057329834,0.994267
TEST_0917,0.99647063,0.0035293698
TEST_0918,0.99748737,0.0025126338
TEST_0919,0.99961364,0.0003863573
TEST_0920,0.0027865993,0.9972134
TEST_0921,0.008433058,0.99156696
TEST_0922,0.011499152,0.98850083
TEST_0923,0.7990748,0.20092517
TEST_0924,0.9993901,0.0006098747
TEST_0925,0.0071923854,0.9928076
TEST_0926,0.008018943,0.991981
TEST_0927,0.012979327,0.9870207
TEST_0928,0.00579263,0.9942074
TEST_0929,0.0031175266,0.9968825
TEST_0930,0.99787045,0.0021295547
TEST_0931,0.99964446,0.0003555417
TEST_0932,0.01139228,0.9886077
TEST_0933,0.9585184,0.041481614
TEST_0934,0.0028189828,0.997181
TEST_0935,0.0058859526,0.99411404
TEST_0936,0.0047892984,0.9952107
TEST_0937,0.9943393,0.0056607127
TEST_0938,0.04098001,0.95902
TEST_0939,0.37535536,0.62464464
TEST_0940,0.006414652,0.99358535
TEST_0941,0.9976829,0.002317071
TEST_0942,0.7021885,0.2978115
TEST_0943,0.006248102,0.9937519
TEST_0944,0.9974535,0.0025464892
TEST_0945,0.9324504,0.06754959
TEST_0946,0.86517066,0.13482934
TEST_0947,0.9989027,0.0010973215
TEST_0948,0.9993995,0.0006005168
TEST_0949,0.0055806553,0.99441934
TEST_0950,0.9992874,0.0007125735
TEST_0951,0.8304024,0.16959763
TEST_0952,0.99906796,0.00093203783
TEST_0953,0.86344165,0.13655835
TEST_0954,0.013529366,0.98647064
TEST_0955,0.79337585,0.20662415
TEST_0956,0.99720824,0.0027917624
TEST_0957,0.008550314,0.9914497
TEST_0958,0.9361578,0.06384218
TEST_0959,0.9989864,0.001013577
TEST_0960,0.0035914574,0.9964085
TEST_0961,0.004708504,0.9952915
TEST_0962,0.0029466662,0.9970533
TEST_0963,0.7984269,0.20157307
TEST_0964,0.9992255,0.00077450275
TEST_0965,0.10731028,0.8926897
TEST_0966,0.0051931776,0.9948068
TEST_0967,0.0048819245,0.9951181
TEST_0968,0.0033201738,0.99667984
TEST_0969,0.0028765253,0.9971235
TEST_0970,0.0028506478,0.99714935
TEST_0971,0.90581703,0.09418297
TEST_0972,0.010557171,0.9894428
TEST_0973,0.0049234848,0.99507654
TEST_0974,0.8321289,0.16787112
TEST_0975,0.53198916,0.46801084
TEST_0976,0.99538404,0.0046159625
TEST_0977,0.03856819,0.9614318
TEST_0978,0.9989079,0.0010920763
TEST_0979,0.0068443962,0.9931556
TEST_0980,0.9387142,0.061285794
TEST_0981,0.008290945,0.99170905
TEST_0982,0.99963,0.00037002563
TEST_0983,0.58391327,0.41608673
TEST_0984,0.008911798,0.9910882
TEST_0985,0.009365464,0.99063456
TEST_0986,0.011245834,0.98875415
TEST_0987,0.0056765205,0.9943235
TEST_0988,0.009860931,0.99013907
TEST_0989,0.010316395,0.9896836
TEST_0990,0.008696895,0.9913031
TEST_0991,0.005821994,0.994178
TEST_0992,0.9985528,0.0014472008
TEST_0993,0.0060877316,0.9939123
TEST_0994,0.99951136,0.0004886389
TEST_0995,0.010761784,0.9892382
TEST_0996,0.0056668795,0.99433315
TEST_0997,0.0067977877,0.9932022
TEST_0998,0.99815476,0.0018452406
TEST_0999,0.0119018555,0.98809814
TEST_1000,0.002905895,0.9970941
