id,max_diff_first,mean_diff_first,mean_diff_prev,severity_bucket,onset_bucket,motion_soft_target
TRAIN_0001,5.306640625,4.9858293533325195,0.07402767986059189,2,2,0.8052988680899144
TRAIN_0002,15.765869140625,12.492302894592285,0.21966613829135895,3,0,0.95
TRAIN_0003,3.74072265625,3.4133129119873047,0.0628168135881424,1,2,0.7669158613085747
TRAIN_0004,3.904052734375,3.80299973487854,0.05429556965827942,1,0,0.7641359270811081
TRAIN_0005,1.047119140625,1.022533655166626,0.008179118856787682,0,3,0.028714735480646292
TRAIN_0006,1.922607421875,1.75663423538208,0.02068989723920822,0,3,0.7019737727940083
TRAIN_0007,16.279541015625,15.255167007446289,0.24508942663669586,3,0,0.95
TRAIN_0008,11.0908203125,10.231317520141602,0.16946053504943848,3,1,0.95
TRAIN_0009,3.72314453125,3.410618305206299,0.06013289839029312,1,2,0.7646943472325802
TRAIN_0010,1.792724609375,1.7604808807373047,0.011713034473359585,0,3,0.034385751338054736
TRAIN_0011,6.675048828125,5.156357765197754,0.16192974150180817,2,2,0.8935142711997033
TRAIN_0012,2.267578125,2.227109670639038,0.017171496525406837,1,1,0.03874594033509493
TRAIN_0013,5.7099609375,5.429911136627197,0.0784042477607727,2,2,0.816227211713791
TRAIN_0014,5.201416015625,4.785490036010742,0.12795662879943848,2,2,0.8409972524642945
TRAIN_0015,4.780517578125,4.380435466766357,0.08419013768434525,1,2,0.8021531891524791
TRAIN_0016,3.7236328125,3.294685125350952,0.07552273571491241,1,1,0.7754767548441888
TRAIN_0017,1.626953125,1.5823513269424438,0.011940844357013702,0,3,0.033361392329136534
TRAIN_0018,21.370849609375,17.846153259277344,0.3104219436645508,3,1,0.95
TRAIN_0019,5.5771484375,5.307427883148193,0.08808577060699463,2,2,0.8204144339561463
TRAIN_0020,1.736328125,1.7092310190200806,0.012292766012251377,0,3,0.03415444488202532
TRAIN_0021,8.37158203125,8.13531494140625,0.0890827476978302,2,0,0.8756037729978562
TRAIN_0022,1.13525390625,1.1063154935836792,0.007982336916029453,0,3,0.029241695671031874
TRAIN_0023,1.84814453125,1.793008804321289,0.011757942847907543,0,3,0.0347564594509701
TRAIN_0024,2.185302734375,2.1411876678466797,0.012951700948178768,1,1,0.03722653132801255
TRAIN_0025,1.1962890625,1.1698949337005615,0.008057457394897938,0,3,0.02965595229839285
TRAIN_0026,1.78271484375,1.7524348497390747,0.012558952905237675,0,3,0.03451806882893046
TRAIN_0027,2.5263671875,2.4812607765197754,0.01880780979990959,1,0,0.04080987567206224
TRAIN_0028,4.89794921875,4.503335475921631,0.10682254284620285,1,1,0.820285789757967
TRAIN_0029,12.48779296875,11.221614837646484,0.15484558045864105,3,2,0.95
TRAIN_0030,4.15087890625,3.674286127090454,0.07147032767534256,1,2,0.7809713680446149
TRAIN_0031,1.75927734375,1.7298343181610107,0.012646321207284927,0,3,0.03438611101607482
TRAIN_0032,2.696044921875,2.628145217895508,0.020157523453235626,1,0,0.04222771413127581
TRAIN_0033,11.183837890625,10.617600440979004,0.14531674981117249,3,0,0.95
TRAIN_0034,4.0888671875,3.849581718444824,0.04216855764389038,1,0,0.7592509005069733
TRAIN_0035,1.150146484375,1.1206356287002563,0.00819136667996645,0,3,0.029387271040429673
TRAIN_0036,1.416748046875,1.3576692342758179,0.014856651425361633,0,3,0.03267541430393855
TRAIN_0037,16.101806640625,14.293431282043457,0.20180876553058624,3,0,0.95
TRAIN_0038,4.9501953125,4.675443172454834,0.06753794848918915,1,0,0.7938053725361824
TRAIN_0039,3.444580078125,3.0268619060516357,0.05174556374549866,1,2,0.7533912061452865
TRAIN_0040,1.27685546875,1.2463183403015137,0.011590555310249329,0,3,0.031004023452599845
TRAIN_0041,1.307861328125,1.276492953300476,0.011260679922997952,0,3,0.031128590614845356
TRAIN_0042,2.18701171875,2.144120454788208,0.012583448551595211,1,1,0.03715171416724722
TRAIN_0043,2.072998046875,2.0247015953063965,0.014708859845995903,1,1,0.03690655460208655
TRAIN_0044,3.164306640625,3.0318925380706787,0.04949277639389038,1,0,0.7463489229679108
TRAIN_0045,1.595458984375,1.56171452999115,0.011922064237296581,0,3,0.03315229838714004
TRAIN_0046,1.0048828125,0.9815155267715454,0.008115430362522602,0,3,0.028425338699171944
TRAIN_0047,21.6455078125,18.00389289855957,0.32956942915916443,3,2,0.95
TRAIN_0048,2.7861328125,2.742459297180176,0.01954513043165207,1,0,0.04267039371530215
TRAIN_0049,1.991943359375,1.9564099311828613,0.012936186976730824,0,3,0.03596607546384136
TRAIN_0050,4.679443359375,4.1759185791015625,0.08173893392086029,1,2,0.7984663992524147
TRAIN_0051,16.45068359375,15.353450775146484,0.25914669036865234,3,0,0.95
TRAIN_0052,5.009765625,4.639770984649658,0.09509726613759995,2,2,0.8142585159838199
TRAIN_0053,1.2568359375,1.2257369756698608,0.011810200288891792,0,3,0.03092514699449142
TRAIN_0054,4.533935546875,4.270769119262695,0.06841979920864105,1,0,0.7863056026101113
TRAIN_0055,1.81005859375,1.7802759408950806,0.012569568119943142,0,3,0.034698280087361734
TRAIN_0056,1.2587890625,1.2276338338851929,0.010539690032601357,0,3,0.030641389913856985
TRAIN_0057,17.021240234375,15.06017780303955,0.279312402009964,3,0,0.95
TRAIN_0058,2.012939453125,1.9764032363891602,0.01289699412882328,1,1,0.03609340507537127
TRAIN_0059,2.191650390625,2.138458728790283,0.017363378778100014,1,1,0.03829718258728584
TRAIN_0060,5.87255859375,5.166694164276123,0.16213305294513702,2,2,0.8780080296397209
TRAIN_0061,2.6181640625,2.566990852355957,0.01984397880733013,1,0,0.04164832812796036
TRAIN_0062,1.3896484375,1.32666015625,0.014946469105780125,0,3,0.03252022430176536
TRAIN_0063,1.758056640625,1.7108664512634277,0.012125378474593163,0,3,0.034256623141467574
TRAIN_0064,1.967529296875,1.9329355955123901,0.012728789821267128,0,3,0.03575899138798316
TRAIN_0065,5.054443359375,4.884889125823975,0.06145729869604111,2,2,0.7915817545950413
TRAIN_0066,27.046142578125,25.000383377075195,0.44356513023376465,3,0,0.95
TRAIN_0067,3.013427734375,2.8732762336730957,0.02914336882531643,1,1,0.729162198998034
TRAIN_0068,5.872802734375,5.0389018058776855,0.16463732719421387,2,2,0.8797657823562622
TRAIN_0069,1.7451171875,1.7156063318252563,0.011997184716165066,0,3,0.034142604819188516
TRAIN_0070,10.85546875,10.090215682983398,0.1616913080215454,3,1,0.95
TRAIN_0071,1.2900390625,1.2655147314071655,0.010677682235836983,0,3,0.030876713094611964
TRAIN_0072,4.1669921875,4.006372928619385,0.05570897087454796,1,0,0.7702526272684336
TRAIN_0073,10.80712890625,10.255230903625488,0.17125117778778076,3,1,0.95
TRAIN_0074,5.731201171875,5.146543025970459,0.11713360995054245,2,2,0.8437519498169422
TRAIN_0075,1.604736328125,1.5686802864074707,0.011883688159286976,0,3,0.03320364670331279
TRAIN_0076,2.491943359375,2.4370436668395996,0.01764099672436714,1,1,0.040313864404956504
TRAIN_0077,12.572998046875,11.42496109008789,0.20228397846221924,3,1,0.95
TRAIN_0078,1.657958984375,1.6267359256744385,0.012775331735610962,0,3,0.03375764413674673
TRAIN_0079,15.1611328125,14.455979347229004,0.3179111182689667,3,0,0.95
TRAIN_0080,1.78662109375,1.7330636978149414,0.01169752050191164,0,3,0.03434245855982105
TRAIN_0081,10.104248046875,9.541960716247559,0.12716786563396454,3,0,0.9360503428578377
TRAIN_0082,2.85205078125,2.810786008834839,0.024397732689976692,1,0,0.04423113437245289
TRAIN_0083,2.627197265625,2.586151361465454,0.01916463114321232,1,0,0.041548529493312045
TRAIN_0084,1.27001953125,1.23882257938385,0.011724465526640415,0,3,0.030990835576007767
TRAIN_0085,1.9912109375,1.9591737985610962,0.012745937332510948,0,3,0.03591692313800256
TRAIN_0086,2.1259765625,2.084988594055176,0.0145659688860178,1,1,0.03721757372965415
TRAIN_0087,4.97802734375,4.518465518951416,0.11989754438400269,1,1,0.8309998142719269
TRAIN_0088,12.627685546875,12.198385238647461,0.16305245459079742,3,0,0.95
TRAIN_0089,8.849609375,8.369921684265137,0.12731321156024933,2,1,0.9116866309046745
TRAIN_0090,1.59716796875,1.568265438079834,0.01187225617468357,0,3,0.033151784904301165
TRAIN_0091,2.164306640625,2.1260263919830322,0.012730423361063004,1,1,0.03703842528164387
TRAIN_0092,1.226318359375,1.1959232091903687,0.011655877344310284,0,3,0.0306907740496099
TRAIN_0093,26.261474609375,23.66717529296875,0.43843409419059753,3,0,0.95
TRAIN_0094,1.03076171875,1.0071029663085938,0.008083585649728775,0,3,0.028586121156811715
TRAIN_0095,9.5556640625,8.686301231384277,0.12451416999101639,2,2,0.9234953682124615
TRAIN_0096,1.94775390625,1.915795922279358,0.012521392665803432,0,3,0.03558205867931247
TRAIN_0097,3.010498046875,2.5366275310516357,0.05305853486061096,1,1,0.7458456863164902
TRAIN_0098,1.267578125,1.2356185913085938,0.01214742474257946,0,3,0.031073656919101876
TRAIN_0099,0.981201171875,0.9566050171852112,0.008636372163891792,0,3,0.028392961122095585
TRAIN_0100,3.478515625,3.2429583072662354,0.06131849065423012,1,1,0.7607539981454611
TRAIN_0101,13.148193359375,11.908659934997559,0.19076445698738098,3,1,0.95
TRAIN_0102,1.016357421875,0.9932947158813477,0.008037860505282879,0,3,0.028481824026753505
TRAIN_0103,5.4990234375,5.035966873168945,0.14217884838581085,2,2,0.8567561509013176
TRAIN_0104,2.668212890625,2.630336046218872,0.018590614199638367,1,0,0.04168119376897812
TRAIN_0105,9.510009765625,8.834468841552734,0.11923126131296158,2,0,0.9189070733487605
TRAIN_0106,12.604736328125,12.097403526306152,0.16676928102970123,3,0,0.95
TRAIN_0107,3.221923828125,3.051379680633545,0.03309207782149315,1,1,0.7359919691234827
TRAIN_0108,4.079833984375,3.7088921070098877,0.07365616410970688,1,1,0.7811160775721073
TRAIN_0109,1.315673828125,1.2883758544921875,0.010871198028326035,0,3,0.031088492756088576
TRAIN_0110,4.362060546875,3.9894790649414062,0.07646827399730682,1,1,0.7885879724621773
TRAIN_0111,5.067626953125,4.580348491668701,0.07001038640737534,2,2,0.7978259960711003
TRAIN_0112,8.429443359375,7.417201042175293,0.10163190215826035,2,2,0.8855164770185948
TRAIN_0113,5.484619140625,5.050118923187256,0.13294069468975067,2,2,0.850008559525013
TRAIN_0114,5.731689453125,5.354536056518555,0.15628348290920258,2,2,0.8711663823723793
TRAIN_0115,2.787109375,2.7472100257873535,0.020520877093076706,1,0,0.04290441559255123
TRAIN_0116,2.754638671875,2.712580442428589,0.020239992067217827,1,0,0.04262781618287166
TRAIN_0117,2.67138671875,2.627821207046509,0.019847244024276733,1,0,0.041995037277539574
TRAIN_0118,4.258544921875,3.7933597564697266,0.0772913321852684,1,1,0.7871455585062505
TRAIN_0119,12.529052734375,11.734651565551758,0.19694390892982483,3,1,0.95
TRAIN_0120,2.435791015625,2.3894541263580322,0.01839873194694519,1,1,0.04012567905584971
TRAIN_0121,4.36083984375,3.9650070667266846,0.10150126367807388,1,2,0.8060872615277768
TRAIN_0122,1.72998046875,1.6963461637496948,0.011854292824864388,0,3,0.034010874706010025
TRAIN_0123,27.050048828125,23.680627822875977,0.5070433616638184,3,0,0.95
TRAIN_0124,1.76953125,1.7401013374328613,0.01198412012308836,0,3,0.03429824782038728
TRAIN_0125,1.466552734375,1.4060181379318237,0.014815825037658215,0,3,0.032989618615557756
TRAIN_0126,9.5146484375,8.812365531921387,0.16887181997299194,2,1,0.95
TRAIN_0127,7.20849609375,6.533142566680908,0.11980119347572327,2,2,0.8744265092611313
TRAIN_0128,2.5849609375,2.5191686153411865,0.01981213502585888,1,0,0.04142507759978374
TRAIN_0129,5.340087890625,4.663913249969482,0.08665032684803009,2,2,0.8147869426608085
TRAIN_0130,20.875732421875,17.084598541259766,0.3026747703552246,3,2,0.95
TRAIN_0131,10.471435546875,9.81598949432373,0.13444963097572327,3,1,0.9483077348470688
TRAIN_0132,7.604736328125,6.18458890914917,0.19627925753593445,2,2,0.9356878386735916
TRAIN_0133,2.753173828125,2.712357521057129,0.01972966454923153,1,0,0.0424992182776332
TRAIN_0134,5.07421875,4.720097064971924,0.11887117475271225,2,2,0.8321570879518986
TRAIN_0135,5.16455078125,4.74210262298584,0.07511692494153976,2,1,0.8032905876934529
TRAIN_0136,1.743896484375,1.7152798175811768,0.012151507660746574,0,3,0.03417067893594503
TRAIN_0137,0.99853515625,0.9739104509353638,0.007906400598585606,0,3,0.028335305321961643
TRAIN_0138,1.779296875,1.7465347051620483,0.014424709603190422,0,3,0.034931195261577765
TRAIN_0139,1.822509765625,1.7728365659713745,0.011949009262025356,0,3,0.034634415637701754
TRAIN_0140,1.7890625,1.7514305114746094,0.012251939624547958,0,3,0.03448769216239452
TRAIN_0141,2.487548828125,2.4379825592041016,0.018562035635113716,1,1,0.04050020903100571
TRAIN_0142,2.384521484375,2.3318631649017334,0.01755526289343834,1,1,0.039595617656906446
TRAIN_0143,17.473876953125,16.491012573242188,0.2898504436016083,3,0,0.95
TRAIN_0144,1.8369140625,1.805970311164856,0.012358088046312332,0,3,0.034823495283722875
TRAIN_0145,2.44921875,2.299180746078491,0.046104200184345245,1,2,0.7300327057540417
TRAIN_0146,3.5361328125,3.184318780899048,0.0663139820098877,1,0,0.7653743772506714
TRAIN_0147,3.867919921875,3.483062744140625,0.06919468194246292,1,0,0.7738607158362866
TRAIN_0148,1.21044921875,1.1740037202835083,0.011810200288891792,0,3,0.03062363332261642
TRAIN_0149,4.952392578125,4.478011131286621,0.10650818794965744,1,2,0.8211273868381977
TRAIN_0150,2.21923828125,2.1772453784942627,0.017204158008098602,1,1,0.03843935236334801
TRAIN_0151,3.942626953125,3.828291654586792,0.05096496641635895,1,0,0.7625567020773888
TRAIN_0152,1.325927734375,1.300729751586914,0.010870382189750671,0,3,0.031154952784379325
TRAIN_0153,6.069580078125,5.345758438110352,0.13966068625450134,2,2,0.8661192919015884
TRAIN_0154,2.453369140625,2.4030566215515137,0.017789604142308235,1,1,0.04009780704726776
TRAIN_0155,4.385986328125,4.015448570251465,0.09122857451438904,1,2,0.7993867355585098
TRAIN_0156,1.055419921875,1.02932870388031,0.008714758791029453,0,3,0.028893673210094374
TRAIN_0157,2.27490234375,2.228851318359375,0.0176034364849329,1,1,0.038894333747526016
TRAIN_0158,2.9892578125,2.8452646732330322,0.028041061013936996,1,1,0.727919270053506
TRAIN_0159,1.607421875,1.5763695240020752,0.01280880905687809,0,3,0.03343696430077155
TRAIN_0160,5.683349609375,4.978969573974609,0.16183747351169586,2,2,0.8741115488409996
TRAIN_0161,11.733154296875,11.176128387451172,0.22568799555301666,3,1,0.95
TRAIN_0162,3.595458984375,3.0771656036376953,0.053703587502241135,1,2,0.7577039614468813
TRAIN_0163,17.87353515625,16.854007720947266,0.29879626631736755,3,0,0.95
TRAIN_0164,5.437744140625,5.169679164886475,0.058902397751808167,2,2,0.7972676891684533
TRAIN_0165,3.274169921875,3.1103034019470215,0.05841166526079178,1,0,0.7547344791591167
TRAIN_0166,12.061767578125,11.277756690979004,0.16725918650627136,3,1,0.95
TRAIN_0167,1.453857421875,1.3893781900405884,0.014700694940984249,0,3,0.03288023539508383
TRAIN_0168,11.339111328125,10.391592979431152,0.22728103399276733,3,0,0.95
TRAIN_0169,2.388916015625,2.3414204120635986,0.01729397475719452,1,1,0.03956321487824122
TRAIN_0170,1.783935546875,1.7486176490783691,0.012149874120950699,0,3,0.03443055168290933
TRAIN_0171,2.615966796875,2.5438082218170166,0.02045637182891369,1,0,0.04177693760643403
TRAIN_0172,2.053466796875,2.0196356773376465,0.013454679399728775,1,1,0.03648695937295755
TRAIN_0173,1.4189453125,1.359407663345337,0.014664768241345882,0,3,0.03264492378756404
TRAIN_0174,1.85546875,1.7723270654678345,0.01394867617636919,0,3,0.6959457139484585
TRAIN_0175,8.011962890625,7.589548110961914,0.10633018612861633,2,1,0.8806644066572189
TRAIN_0176,2.3193359375,2.2645325660705566,0.017127403989434242,1,1,0.039072077857951325
TRAIN_0177,0.991943359375,0.9667829871177673,0.008655969053506851,0,3,0.028467357948422433
TRAIN_0178,1.265869140625,1.2288683652877808,0.011675474233925343,0,3,0.030952426735311747
TRAIN_0179,5.520751953125,4.848550319671631,0.09975879639387131,2,2,0.8274858205616474
TRAIN_0180,16.555419921875,15.793517112731934,0.2898430824279785,3,0,0.95
TRAIN_0181,2.350341796875,2.300039768218994,0.018328510224819183,1,1,0.039553874065478646
TRAIN_0182,17.721923828125,15.561023712158203,0.25047847628593445,3,0,0.95
TRAIN_0183,2.314208984375,2.267763376235962,0.017633648589253426,1,1,0.03915687640259663
TRAIN_0184,1.619384765625,1.5867393016815186,0.01265285350382328,0,3,0.033478333460787935
TRAIN_0185,4.911865234375,4.376108169555664,0.11323470622301102,1,1,0.8250456664264203
TRAIN_0186,1.28173828125,1.245624303817749,0.01182244811207056,0,3,0.0310898700542748
TRAIN_0187,1.01953125,0.9922422170639038,0.008762933313846588,0,3,0.02867163756489754
TRAIN_0188,1.11181640625,1.0836561918258667,0.007884354330599308,0,3,0.029066489317764836
TRAIN_0189,5.4140625,4.945650577545166,0.12568098306655884,2,2,0.8435509068965912
TRAIN_0190,5.037353515625,4.470223903656006,0.10702095925807953,2,2,0.8231430650353432
TRAIN_0191,6.86279296875,5.501195430755615,0.16486921906471252,2,2,0.8992329162359238
TRAIN_0192,4.096923828125,3.7599542140960693,0.07072973996400833,1,2,0.7794008326232433
TRAIN_0193,10.171142578125,9.571115493774414,0.14021429419517517,3,1,0.9464872862100602
TRAIN_0194,1.626953125,1.5959824323654175,0.012650404125452042,0,3,0.03352695627510548
TRAIN_0195,1.8212890625,1.7874425649642944,0.012336858548223972,0,3,0.03471697923416893
TRAIN_0196,1.361572265625,1.3343297243118286,0.01101898867636919,0,3,0.03142131708438198
TRAIN_0197,2.65771484375,2.588456392288208,0.0204825010150671,1,0,0.04205439672122399
TRAIN_0198,2.781005859375,2.705254554748535,0.02111203968524933,1,0,0.043002680679162346
TRAIN_0199,16.62548828125,15.331526756286621,0.28004807233810425,3,0,0.95
TRAIN_0200,1.962646484375,1.9229650497436523,0.013030903413891792,0,3,0.03579774627834559
TRAIN_0201,1.286376953125,1.2542492151260376,0.010831188410520554,0,3,0.03088872749110063
TRAIN_0202,11.8798828125,11.137603759765625,0.1753125637769699,3,1,0.95
TRAIN_0203,10.074951171875,9.704023361206055,0.11739081144332886,3,0,0.9286351158618927
TRAIN_0204,14.37158203125,13.748066902160645,0.19196312129497528,3,0,0.95
TRAIN_0205,2.6552734375,2.4311506748199463,0.03332152217626572,1,1,0.725102897554636
TRAIN_0206,5.261474609375,4.960771083831787,0.07347407937049866,2,2,0.8040306104421616
TRAIN_0207,2.73583984375,2.676513671875,0.02074052207171917,1,0,0.04262241413444281
TRAIN_0208,4.896240234375,4.438622951507568,0.1170731857419014,1,1,0.8274279145896435
TRAIN_0209,1.833251953125,1.7975420951843262,0.01324728224426508,0,3,0.03500717021897435
TRAIN_0210,9.101318359375,7.916665554046631,0.11714503914117813,2,2,0.9094772354066372
TRAIN_0211,2.804931640625,2.738177537918091,0.021243499591946602,1,0,0.043188872235516707
TRAIN_0212,2.038818359375,1.9871290922164917,0.014433691278100014,1,2,0.03662018063416084
TRAIN_0213,5.510498046875,5.022624969482422,0.12762512266635895,2,2,0.8467922977805138
TRAIN_0214,6.1845703125,5.5597100257873535,0.17250536382198334,2,2,0.8913528757691384
TRAIN_0215,4.14404296875,3.7412002086639404,0.052032165229320526,1,0,0.7672313535511494
TRAIN_0216,2.470947265625,2.420778512954712,0.01839628256857395,1,1,0.04035362315922976
TRAIN_0217,12.827392578125,12.213119506835938,0.24766719341278076,3,1,0.95
TRAIN_0218,2.208251953125,2.161956787109375,0.017630383372306824,1,1,0.03846739381551743
TRAIN_0219,6.7197265625,5.690126895904541,0.13772551715373993,2,2,0.877442529976368
TRAIN_0220,6.162109375,5.83396577835083,0.11304201185703278,2,2,0.849290541112423
TRAIN_0221,1.379638671875,1.3183634281158447,0.014989744871854782,0,3,0.03246525850395362
TRAIN_0222,6.997314453125,5.791618347167969,0.16847988963127136,2,2,0.9043835545778274
TRAIN_0223,2.69091796875,2.505094289779663,0.03691422566771507,1,1,0.7283128583580256
TRAIN_0224,2.389404296875,2.350092649459839,0.018814342096447945,1,1,0.03992114108552536
TRAIN_0225,5.555419921875,5.110800743103027,0.15107731521129608,2,2,0.8640848091244697
TRAIN_0226,1.16015625,1.1287575960159302,0.008006015792489052,0,3,0.02940908597658078
TRAIN_0227,15.762451171875,14.548511505126953,0.25321629643440247,3,0,0.95
TRAIN_0228,2.4404296875,2.395582914352417,0.018079470843076706,1,1,0.0400813361654679
TRAIN_0229,17.19970703125,14.406286239624023,0.22857114672660828,3,2,0.95
TRAIN_0230,8.96923828125,8.438737869262695,0.1358083188533783,2,1,0.9199659696817399
TRAIN_0231,2.67578125,2.599067211151123,0.02025469020009041,1,0,0.0421186725050211
TRAIN_0232,5.329833984375,4.842298984527588,0.1420237123966217,2,2,0.8533483613729478
TRAIN_0233,5.320556640625,5.055932521820068,0.07843037694692612,2,1,0.8086521183550358
TRAIN_0234,11.880859375,11.278544425964355,0.16912250220775604,3,0,0.95
TRAIN_0235,1.661865234375,1.6355396509170532,0.012740220874547958,0,3,0.03377484222749869
TRAIN_0236,2.163330078125,2.123322010040283,0.013085611164569855,1,1,0.03711495477954547
TRAIN_0237,1.323486328125,1.295581579208374,0.010983061976730824,0,3,0.031165375594049693
TRAIN_0238,6.899658203125,5.787590980529785,0.1514153629541397,2,2,0.8905340890288354
TRAIN_0239,2.19189453125,2.146850109100342,0.012697761878371239,1,1,0.03721012555807829
TRAIN_0240,2.868408203125,2.82601261138916,0.023887405171990395,1,0,0.044218381193776926
TRAIN_0241,1.22216796875,1.1940313577651978,0.010272686369717121,0,3,0.030341051949808996
TRAIN_0242,2.732421875,2.6952128410339355,0.019535332918167114,1,0,0.04231898653507233
TRAIN_0243,4.550048828125,4.354889869689941,0.05789888650178909,1,0,0.7792551726996899
TRAIN_0244,5.090087890625,4.531975746154785,0.0827922523021698,2,2,0.8072112904787063
TRAIN_0245,2.518310546875,2.463242530822754,0.018455887213349342,1,1,0.04067539223780235
TRAIN_0246,3.022216796875,2.9807896614074707,0.02483947202563286,1,0,0.0454402859856685
TRAIN_0247,1.81396484375,1.7824723720550537,0.012327060103416443,0,3,0.0346670855085055
TRAIN_0248,1.25146484375,1.2262979745864868,0.01023267675191164,0,3,0.03052214605982105
TRAIN_0249,2.46484375,2.410236358642578,0.017742246389389038,1,1,0.040161341865857444
TRAIN_0250,2.766845703125,2.7232842445373535,0.020284902304410934,1,0,0.04271764094134172
TRAIN_0251,1.242431640625,1.2151001691818237,0.01062134187668562,0,3,0.030554118768622476
TRAIN_0252,4.072998046875,3.658479928970337,0.07479847967624664,1,1,0.7817823976874352
TRAIN_0253,7.889404296875,6.351616382598877,0.1957281082868576,2,1,0.9408530595898628
TRAIN_0254,4.974609375,4.32011079788208,0.10966486483812332,1,2,0.8237702881991864
TRAIN_0255,1.745849609375,1.714379906654358,0.011713034473359585,0,3,0.03408106383805474
TRAIN_0256,1.00439453125,0.9776394963264465,0.008674749173223972,0,3,0.028552672593543927
TRAIN_0257,5.2607421875,5.040757656097412,0.07548844814300537,2,1,0.8054263863563538
TRAIN_0258,5.8203125,5.3175740242004395,0.15158683061599731,2,2,0.8696068751811982
TRAIN_0259,4.171142578125,3.449678421020508,0.07644949108362198,1,2,0.7848519240319729
TRAIN_0260,1.29345703125,1.2661875486373901,0.010504579171538353,0,3,0.03085853917648395
TRAIN_0261,21.317138671875,19.652849197387695,0.3437148928642273,3,0,0.95
TRAIN_0262,1.2958984375,1.2666701078414917,0.011342332698404789,0,3,0.03106988414004445
TRAIN_0263,2.4365234375,2.3910601139068604,0.018149692565202713,1,1,0.040072330608963966
TRAIN_0264,1.956298828125,1.9091813564300537,0.014113614335656166,0,3,0.03600911906113227
TRAIN_0265,1.136474609375,1.1073524951934814,0.008032144978642464,0,3,0.02926125212262074
TRAIN_0266,6.84228515625,6.33172607421875,0.16301490366458893,2,2,0.8975349931120873
TRAIN_0267,3.464111328125,3.0584843158721924,0.057726603001356125,1,2,0.7579587929993868
TRAIN_0268,1.99755859375,1.9570116996765137,0.012701028026640415,0,3,0.0359477040655911
TRAIN_0269,3.525390625,3.3730320930480957,0.04463609308004379,1,0,0.7499903823435307
TRAIN_0270,1.625,1.5961840152740479,0.012994159944355488,0,3,0.03359447065368295
TRAIN_0271,4.29931640625,4.123708248138428,0.054151859134435654,1,0,0.77174297131598
TRAIN_0272,2.397705078125,2.3552768230438232,0.01789575256407261,1,1,0.03976075860609611
TRAIN_0273,7.62548828125,6.098540782928467,0.2041652500629425,2,2,0.9416126965284348
TRAIN_0274,1.382568359375,1.3188402652740479,0.015007708221673965,0,3,0.03248849292099476
TRAIN_0275,19.1689453125,16.26346206665039,0.2518281936645508,3,0,0.95
TRAIN_0276,1.23046875,1.1992473602294922,0.011294974014163017,0,3,0.03063354081163804
TRAIN_0277,2.298095703125,2.248847007751465,0.018159490078687668,1,1,0.039174836422006296
TRAIN_0278,25.01806640625,22.73993492126465,0.4311343729496002,3,0,0.95
TRAIN_0279,1.846923828125,1.7947046756744385,0.01175141055136919,0,3,0.03474700067813198
TRAIN_0280,5.729248046875,5.112734794616699,0.15264178812503815,2,2,0.8685695886015892
TRAIN_0281,10.412353515625,9.661415100097656,0.14823909103870392,3,2,0.95
TRAIN_0282,9.046630859375,8.329169273376465,0.1192198246717453,2,2,0.9098631790280343
TRAIN_0283,2.457763671875,2.4035449028015137,0.01891477406024933,1,1,0.04038891114791235
TRAIN_0284,1.292236328125,1.260728359222412,0.011575042270123959,0,3,0.031100379329174758
TRAIN_0285,1.94189453125,1.9090776443481445,0.012725523672997952,0,3,0.03559160331015786
TRAIN_0286,4.910400390625,4.706201076507568,0.06827853620052338,1,0,0.7935477829575539
TRAIN_0287,1.65625,1.6273735761642456,0.012686330825090408,0,3,0.033725768859187766
TRAIN_0288,1.28466796875,1.2586077451705933,0.010948767885565758,0,3,0.030905054303507012
TRAIN_0289,1.126953125,1.1013926267623901,0.007970089092850685,0,3,0.029184882767498494
TRAIN_0290,7.45263671875,6.230961322784424,0.17825940251350403,2,2,0.9201079977750779
TRAIN_0291,6.165771484375,5.7339959144592285,0.1613353043794632,2,2,0.8831672570109368
TRAIN_0292,1.709716796875,1.6312415599822998,0.014097283594310284,0,3,0.6932075760550798
TRAIN_0293,4.42431640625,4.20896053314209,0.05943313613533974,1,0,0.7778773652166129
TRAIN_0294,2.46923828125,2.423351287841797,0.018337491899728775,1,1,0.04032879693806171
TRAIN_0295,1.161865234375,1.1358352899551392,0.008076237514615059,0,3,0.029436579443514348
TRAIN_0296,2.3173828125,2.2741682529449463,0.017498105764389038,1,1,0.03914587962627411
TRAIN_0297,3.205810546875,2.894357442855835,0.05038360133767128,1,0,0.7477818266004325
TRAIN_0298,1.375244140625,1.3449527025222778,0.011575042270123959,0,3,0.031639930110424756
TRAIN_0299,1.488037109375,1.432544469833374,0.01428345125168562,0,3,0.03300504650299748
TRAIN_0300,1.7919921875,1.7434743642807007,0.011739162728190422,0,3,0.0343870871886611
TRAIN_0301,2.366455078125,2.322463274002075,0.01780511811375618,1,1,0.03953648556768895
TRAIN_0302,1.34765625,1.3189480304718018,0.011419902555644512,0,3,0.03142440955465039
TRAIN_0303,7.5380859375,7.080963134765625,0.11162778735160828,2,1,0.8751321269273759
TRAIN_0304,1.616455078125,1.5871590375900269,0.012684697285294533,0,3,0.03346672070771456
TRAIN_0305,3.174560546875,2.7804040908813477,0.06446700543165207,1,1,0.757030834466219
TRAIN_0306,7.135986328125,6.0987772941589355,0.18940168619155884,2,2,0.9217329137325287
TRAIN_0307,2.262939453125,2.2184951305389404,0.017391957342624664,1,1,0.03876722982525826
TRAIN_0308,4.23974609375,3.9754037857055664,0.05410205200314522,1,1,0.7705464852303266
TRAIN_0309,4.77490234375,4.338927745819092,0.11040463298559189,1,1,0.8203938387930394
TRAIN_0310,15.663330078125,14.204259872436523,0.27784183621406555,3,0,0.95
TRAIN_0311,28.649658203125,25.15189552307129,0.4313123822212219,3,0,0.95
TRAIN_0312,5.146728515625,4.792273044586182,0.06908445060253143,2,2,0.7987203214764595
TRAIN_0313,17.602783203125,14.564221382141113,0.23581290245056152,3,0,0.95
TRAIN_0314,4.29150390625,4.016840934753418,0.06214236095547676,1,0,0.7771839788407088
TRAIN_0315,2.356201171875,2.313176155090332,0.017913715913891792,1,1,0.039495174663762254
TRAIN_0316,1.373046875,1.3454663753509521,0.011430516839027405,0,3,0.031591925283273065
TRAIN_0317,1.2939453125,1.2688257694244385,0.01080179400742054,0,3,0.03093106313298146
TRAIN_0318,2.66552734375,2.6030354499816895,0.01964229717850685,1,0,0.04190913040935994
TRAIN_0319,12.63232421875,11.558745384216309,0.20054315030574799,3,1,0.95
TRAIN_0320,2.36376953125,2.3183977603912354,0.01839628256857395,1,1,0.03965696788579226
TRAIN_0321,1.861328125,1.8220590353012085,0.012104148976504803,0,3,0.034922934240351124
TRAIN_0322,2.02001953125,1.9706721305847168,0.01452759187668562,1,2,0.03651989839101831
TRAIN_0323,0.998779296875,0.9744420051574707,0.007963556796312332,0,3,0.02835022868216038
TRAIN_0324,6.70849609375,6.255849361419678,0.10773705691099167,2,1,0.8562316136658192
TRAIN_0325,13.44091796875,12.725118637084961,0.2070688158273697,3,1,0.95
TRAIN_0326,6.05029296875,5.724177360534668,0.09394433349370956,2,2,0.8337417463362217
TRAIN_0327,1.313232421875,1.2861629724502563,0.010885895229876041,0,3,0.031076052962491912
TRAIN_0328,2.27685546875,2.2361035346984863,0.017547912895679474,1,1,0.03889407355586688
TRAIN_0329,15.325439453125,12.486473083496094,0.22836457192897797,3,0,0.95
TRAIN_0330,1.638427734375,1.6113264560699463,0.012801460921764374,0,3,0.03363678782184919
TRAIN_0331,3.9833984375,3.8196804523468018,0.06642584502696991,1,0,0.7741743610501289
TRAIN_0332,1.23779296875,1.2094637155532837,0.010771581903100014,0,3,0.030559023407598338
TRAIN_0333,25.89990234375,23.211179733276367,0.4306330382823944,3,0,0.95
TRAIN_0334,4.28271484375,3.8236725330352783,0.055352967232465744,1,0,0.7722600165158511
TRAIN_0335,1.004638671875,0.9776729941368103,0.008513077162206173,0,3,0.028516536038368942
TRAIN_0336,1.6123046875,1.5793465375900269,0.012584265321493149,0,3,0.033416309043765066
TRAIN_0337,8.665771484375,8.292244911193848,0.10194626450538635,2,1,0.890344929099083
TRAIN_0338,7.81982421875,7.344865322113037,0.12576426565647125,2,1,0.8905215582251549
TRAIN_0339,4.802978515625,4.4160075187683105,0.1133163571357727,1,1,0.8229795310497284
TRAIN_0340,5.719482421875,5.437666416168213,0.07195534557104111,2,2,0.8118986491262913
TRAIN_0341,4.066650390625,3.8691365718841553,0.0498838908970356,1,1,0.7642184062451125
TRAIN_0342,1.841064453125,1.8080376386642456,0.01186082512140274,0,3,0.034734444806973144
TRAIN_0343,2.256103515625,2.205770492553711,0.017627116292715073,1,1,0.03877766665319602
TRAIN_0344,1.467529296875,1.4105653762817383,0.014484316110610962,0,3,0.03291861418883006
TRAIN_0345,1.310546875,1.28517746925354,0.011096558533608913,0,3,0.031107751678675414
TRAIN_0346,1.749267578125,1.716289758682251,0.012659385800361633,0,3,0.03432409594456355
TRAIN_0347,3.507568359375,3.34102201461792,0.03438953310251236,1,1,0.7424702561795712
TRAIN_0348,17.601318359375,14.760797500610352,0.23774723708629608,3,2,0.95
TRAIN_0349,1.0419921875,1.0178288221359253,0.008699244819581509,0,3,0.028802773009985686
TRAIN_0350,6.248291015625,5.28764009475708,0.14085853099822998,2,2,0.8704426465034485
TRAIN_0351,1.4111328125,1.3491847515106201,0.015019139274954796,0,3,0.032676829112072786
TRAIN_0352,1.296142578125,1.2688796520233154,0.01083445455878973,0,3,0.030952966154863436
TRAIN_0353,4.943359375,4.475924968719482,0.12932349741458893,1,1,0.8369219560027122
TRAIN_0354,1.029541015625,1.0064374208450317,0.00806398969143629,0,3,0.028573614196230966
TRAIN_0355,1.319091796875,1.2896757125854492,0.01132110320031643,0,3,0.031215687426428003
TRAIN_0356,2.73193359375,2.6726434230804443,0.020738888531923294,1,0,0.0425966423501571
TRAIN_0357,2.73193359375,2.6923255920410156,0.019259346649050713,1,0,0.04225141591082017
TRAIN_0358,1.3564453125,1.3188117742538452,0.011428067460656166,0,3,0.03148344360540311
TRAIN_0359,1.1513671875,1.1188924312591553,0.007991318590939045,0,3,0.029348527723302445
TRAIN_0360,1.971923828125,1.9395748376846313,0.012772065587341785,0,3,0.03579765351985892
TRAIN_0361,1.003662109375,0.980022132396698,0.00798723567277193,0,3,0.028387492034584287
TRAIN_0362,11.70556640625,10.669431686401367,0.2137243002653122,3,2,0.95
TRAIN_0363,2.896484375,2.8475656509399414,0.023929046466946602,1,0,0.04441059261312088
TRAIN_0364,2.615478515625,2.5414671897888184,0.02024897374212742,1,0,0.041725370891392236
TRAIN_0365,1.8095703125,1.7598146200180054,0.011771824210882187,0,3,0.03450896601378918
TRAIN_0366,1.338134765625,1.3075730800628662,0.011319469660520554,0,3,0.031339085564017294
TRAIN_0367,5.607666015625,5.208480358123779,0.10938969999551773,2,2,0.8359222773015499
TRAIN_0368,1.170654296875,1.1365121603012085,0.00795457512140274,0,3,0.029465320458014806
TRAIN_0369,2.857421875,2.809175968170166,0.023678375408053398,1,0,0.04409819644937913
TRAIN_0370,2.920166015625,2.585655689239502,0.04893100634217262,1,1,0.7411949417442083
TRAIN_0371,2.137451171875,2.0931317806243896,0.012722257524728775,1,1,0.03686195937295755
TRAIN_0372,12.806884765625,12.135096549987793,0.2047964185476303,3,0,0.95
TRAIN_0373,1.961181640625,1.9233496189117432,0.012993344105780125,0,3,0.035779460955411194
TRAIN_0374,1.295654296875,1.270277500152588,0.010669517330825329,0,3,0.030911306973546746
TRAIN_0375,1.437255859375,1.3742414712905884,0.014613326638936996,0,3,0.032751939301689466
TRAIN_0376,6.656005859375,6.067060470581055,0.1301049143075943,2,2,0.8708655542731285
TRAIN_0377,2.96923828125,2.909304618835449,0.024452438578009605,1,0,0.045005617829660574
TRAIN_0378,1.812744140625,1.7798651456832886,0.012064139358699322,0,3,0.03459780276442567
TRAIN_0379,5.171630859375,4.5462799072265625,0.09312209486961365,2,2,0.8160322681665421
TRAIN_0380,14.6142578125,12.62761116027832,0.18026886880397797,3,2,0.95
TRAIN_0381,1.79931640625,1.7664488554000854,0.012252756394445896,0,3,0.03455453313266238
TRAIN_0382,1.77587890625,1.7442761659622192,0.011967789381742477,0,3,0.034335697079698246
TRAIN_0383,15.493896484375,13.70612621307373,0.16405269503593445,3,2,0.95
TRAIN_0384,1.06103515625,1.0377527475357056,0.008691079914569855,0,3,0.028924647162357965
TRAIN_0385,2.43408203125,2.3824188709259033,0.017567509785294533,1,1,0.03992061881969373
TRAIN_0386,19.50439453125,16.551918029785156,0.2722216844558716,3,1,0.95
TRAIN_0387,2.771240234375,2.2406482696533203,0.045590609312057495,1,1,0.7359526110887528
TRAIN_0388,1.704345703125,1.6652456521987915,0.011719566769897938,0,3,0.03381281264995535
TRAIN_0389,3.554443359375,2.9590415954589844,0.06217584013938904,1,2,0.7628347336053849
TRAIN_0390,1.844970703125,1.787171483039856,0.016784463077783585,0,3,0.697726052865386
TRAIN_0391,1.75,1.7220438718795776,0.012731239199638367,0,3,0.03434562247991562
TRAIN_0392,1.021240234375,0.9980525970458984,0.008093384094536304,0,3,0.028526517812162637
TRAIN_0393,3.73828125,3.544849157333374,0.04068656638264656,1,1,0.7513770808428526
TRAIN_0394,2.0439453125,2.010962724685669,0.01303906925022602,1,1,0.03632809402296941
TRAIN_0395,16.867431640625,14.726252555847168,0.2468547523021698,3,0,0.95
TRAIN_0396,2.761962890625,2.687150478363037,0.020455554127693176,1,0,0.04272572141885758
TRAIN_0397,2.793212890625,2.753218650817871,0.02492520585656166,1,0,0.043971765155593555
TRAIN_0398,2.710693359375,2.671813726425171,0.020046476274728775,1,0,0.042297017966707554
TRAIN_0399,5.7158203125,5.401989459991455,0.07616942375898361,2,1,0.8147770927250385
TRAIN_0400,4.958251953125,4.61027717590332,0.1493258774280548,1,1,0.8512140272855758
TRAIN_0401,1.309326171875,1.2823972702026367,0.010792812332510948,0,3,0.03102894299477339
TRAIN_0402,1.41064453125,1.353674054145813,0.015145700424909592,0,3,0.03270318621893724
TRAIN_0403,5.2890625,4.660847187042236,0.062115415930747986,2,1,0.7966175099015236
TRAIN_0404,2.6923828125,2.6563146114349365,0.019160548225045204,1,0,0.04197128286709388
TRAIN_0405,20.241943359375,18.903926849365234,0.3327832818031311,3,0,0.95
TRAIN_0406,22.693359375,20.36728858947754,0.34368959069252014,3,0,0.95
TRAIN_0407,4.786376953125,4.511691093444824,0.11335065215826035,1,1,0.8226798070967197
TRAIN_0408,2.320556640625,2.2793972492218018,0.018096618354320526,1,1,0.03930616244673729
TRAIN_0409,1.761962890625,1.72514009475708,0.011944110505282879,0,3,0.03423971790696184
TRAIN_0410,4.8994140625,4.707584857940674,0.06876355409622192,1,0,0.7936730620861053
TRAIN_0411,5.458251953125,4.90681266784668,0.08296698331832886,2,2,0.8145128014087677
TRAIN_0412,4.583251953125,4.209336280822754,0.08258812129497528,1,2,0.7971850979924202
TRAIN_0413,3.618896484375,3.223884344100952,0.07664627581834793,1,1,0.774220874518156
TRAIN_0414,1.748779296875,1.7174983024597168,0.012670000083744526,0,3,0.03432339878256122
TRAIN_0415,4.667236328125,4.249960899353027,0.08287961781024933,1,1,0.799026840865612
TRAIN_0416,6.52294921875,5.739023685455322,0.08227130770683289,2,1,0.834787425160408
TRAIN_0417,14.890380859375,13.762999534606934,0.18342554569244385,3,0,0.95
TRAIN_0418,5.43505859375,5.081498146057129,0.1498933583498001,2,2,0.8609089934229851
TRAIN_0419,5.790283203125,5.5065789222717285,0.08063336461782455,2,2,0.8193538776934147
TRAIN_0420,1.306396484375,1.2809560298919678,0.010718508623540401,0,3,0.030992562493930263
TRAIN_0421,2.665771484375,2.5927774906158447,0.0203208290040493,1,0,0.04206904141604901
TRAIN_0422,23.78662109375,20.289749145507812,0.3497873842716217,3,0,0.95
TRAIN_0423,2.218994140625,2.169938087463379,0.0174164529889822,1,1,0.03848730094482501
TRAIN_0424,15.108154296875,12.58655834197998,0.2055198699235916,3,0,0.95
TRAIN_0425,1.341796875,1.3179078102111816,0.011108806356787682,0,3,0.0313137345040838
TRAIN_0426,2.33837890625,2.2870278358459473,0.01846976950764656,1,1,0.03950907577574253
TRAIN_0427,2.869873046875,2.8288042545318604,0.020702145993709564,1,0,0.043484675536553066
TRAIN_0428,1.756591796875,1.724813461303711,0.011421535164117813,0,3,0.034082871551314994
TRAIN_0429,12.5751953125,11.833062171936035,0.1949140429496765,3,1,0.95
TRAIN_0430,1.994140625,1.9582356214523315,0.013124804012477398,0,3,0.03602436833207806
TRAIN_0431,1.003662109375,0.9805561304092407,0.00801826361566782,0,3,0.02839473188792666
TRAIN_0432,1.339599609375,1.3118623495101929,0.01105736568570137,0,3,0.03128744945426782
TRAIN_0433,1.9853515625,1.9468590021133423,0.012783496640622616,0,3,0.035887601039061946
TRAIN_0434,2.687255859375,2.6432671546936035,0.019318953156471252,1,0,0.04197491882244746
TRAIN_0435,2.004638671875,1.9591583013534546,0.014512894675135612,1,2,0.03641649345805248
TRAIN_0436,2.32080078125,2.275653600692749,0.017740612849593163,1,1,0.03922468140969674
TRAIN_0437,1.634521484375,1.6004528999328613,0.011963707394897938,0,3,0.033415921373913686
TRAIN_0438,1.8056640625,1.7770122289657593,0.012527108192443848,0,3,0.03465980831782023
TRAIN_0439,4.3232421875,3.7838284969329834,0.06805726140737534,1,2,0.7819433056414127
TRAIN_0440,14.66015625,12.984467506408691,0.16525952517986298,3,0,0.95
TRAIN_0441,1.892578125,1.8605140447616577,0.01238748338073492,0,3,0.03519217060133815
TRAIN_0442,13.580810546875,12.769729614257812,0.226190984249115,3,1,0.95
TRAIN_0443,4.130859375,3.7099528312683105,0.08632126450538635,1,1,0.7909766429662705
TRAIN_0444,5.462890625,5.241081237792969,0.07178714126348495,2,1,0.8067773660719395
TRAIN_0445,5.07958984375,4.857458591461182,0.07304459065198898,2,1,0.8001832154095173
TRAIN_0446,11.010498046875,10.42798900604248,0.17525868117809296,3,1,0.95
TRAIN_0447,11.026611328125,10.056516647338867,0.2057182788848877,3,2,0.95
TRAIN_0448,2.703369140625,2.661166191101074,0.019459396600723267,1,0,0.0421124252875646
TRAIN_0449,14.140380859375,13.28872013092041,0.2060457020998001,3,0,0.95
TRAIN_0450,19.131103515625,18.25520896911621,0.33442774415016174,3,0,0.95
TRAIN_0451,25.62158203125,22.916101455688477,0.47896143794059753,3,0,0.95
TRAIN_0452,21.911865234375,18.2578067779541,0.33402276039123535,3,2,0.95
TRAIN_0453,2.46923828125,2.4101343154907227,0.017764292657375336,1,1,0.04019505044817925
TRAIN_0454,2.0302734375,1.9965665340423584,0.013033353723585606,1,1,0.03623789321258664
TRAIN_0455,1.756591796875,1.720099687576294,0.01211639679968357,0,3,0.034245005932947
TRAIN_0456,14.316162109375,13.551206588745117,0.2280910313129425,3,1,0.95
TRAIN_0457,17.95654296875,15.367935180664062,0.23050141334533691,3,2,0.95
TRAIN_0458,8.362548828125,7.693343639373779,0.132685124874115,2,2,0.9059492895603181
TRAIN_0459,1.343994140625,1.3132871389389038,0.011412553489208221,0,3,0.03139889106154442
TRAIN_0460,2.73486328125,2.6685492992401123,0.02042207680642605,1,0,0.04254176258295775
TRAIN_0461,1.0341796875,1.0083709955215454,0.008593096397817135,0,3,0.02872722379490733
TRAIN_0462,2.646484375,2.5873451232910156,0.02075766958296299,1,0,0.0420456046735247
TRAIN_0463,5.370361328125,5.0500407218933105,0.08156419545412064,2,2,0.811816982716322
TRAIN_0464,4.362060546875,3.7369120121002197,0.07871697843074799,1,1,0.7901620655655861
TRAIN_0465,2.002197265625,1.9582144021987915,0.014402664266526699,1,2,0.036374903888752065
TRAIN_0466,1.721923828125,1.6890219449996948,0.013131336309015751,0,3,0.03425648335491618
TRAIN_0467,1.78466796875,1.752111554145813,0.013300356455147266,0,3,0.03470375830307603
TRAIN_0468,1.66796875,1.6365374326705933,0.011908999644219875,0,3,0.033620563458651304
TRAIN_0469,2.880126953125,2.8290696144104004,0.024367520585656166,1,0,0.044406579998632276
TRAIN_0470,1.315673828125,1.290283203125,0.010999392718076706,0,3,0.031118404850363733
TRAIN_0471,2.304931640625,2.2614738941192627,0.018284417688846588,1,1,0.03924841979146004
TRAIN_0472,1.78125,1.7489867210388184,0.013170529156923294,0,3,0.03465124846994877
TRAIN_0473,5.935791015625,5.08655309677124,0.13541068136692047,2,2,0.8605354017615319
TRAIN_0474,1.61328125,1.5850058794021606,0.012894544750452042,0,3,0.03349505523343881
TRAIN_0475,2.568115234375,2.5321147441864014,0.018757184967398643,1,0,0.041069425515830524
TRAIN_0476,4.81982421875,4.291604995727539,0.1316971331834793,1,2,0.8361745654940606
TRAIN_0477,6.65673828125,6.244521141052246,0.15910457074642181,2,2,0.8911795960068702
TRAIN_0478,3.3056640625,2.9648289680480957,0.06255307048559189,1,1,0.7582475985586643
TRAIN_0479,15.262939453125,14.439348220825195,0.3013797700405121,3,0,0.95
TRAIN_0480,11.68115234375,11.142982482910156,0.15337829291820526,3,1,0.95
TRAIN_0481,5.740478515625,5.26841926574707,0.09223289787769318,2,1,0.8265023595690728
TRAIN_0482,2.155517578125,2.103856086730957,0.014620675705373287,1,1,0.03742235525573293
TRAIN_0483,1.95263671875,1.9223934412002563,0.012832488864660263,0,3,0.03568638607362906
TRAIN_0484,2.76904296875,2.7233307361602783,0.020622942596673965,1,0,0.04281079923609893
TRAIN_0485,3.7763671875,3.601386070251465,0.05075348913669586,1,0,0.7591666025519371
TRAIN_0486,2.690185546875,2.6087968349456787,0.020328177139163017,1,0,0.04222944738715888
TRAIN_0487,1.32568359375,1.2967557907104492,0.011287625879049301,0,3,0.031250722731153174
TRAIN_0488,1.425048828125,1.3656556606292725,0.014412461780011654,0,3,0.03262572513148189
TRAIN_0489,0.998779296875,0.9729069471359253,0.007967639714479446,0,3,0.02835118136306604
TRAIN_0490,1.9912109375,1.944709062576294,0.01441164594143629,0,3,0.03630558848008514
TRAIN_0491,4.738037109375,4.326597213745117,0.11974076926708221,1,1,0.8262102621197701
TRAIN_0492,4.6630859375,4.479320526123047,0.06816422939300537,1,0,0.7886451363563538
TRAIN_0493,20.968994140625,17.578662872314453,0.315058171749115,3,1,0.95
TRAIN_0494,1.81005859375,1.7752305269241333,0.01199146918952465,0,3,0.034563390336930754
TRAIN_0495,2.68603515625,2.6278111934661865,0.02136271260678768,1,0,0.0424438614572088
TRAIN_0496,2.37939453125,2.3394713401794434,0.018126828595995903,1,1,0.03969565779219071
TRAIN_0497,1.634765625,1.606541633605957,0.012652036733925343,0,3,0.033578118467082585
TRAIN_0498,2.319580078125,2.2718615531921387,0.018732689321041107,1,1,0.03944823134938876
TRAIN_0499,5.3369140625,4.943661689758301,0.10969670861959457,2,2,0.8308575202524662
TRAIN_0500,6.635986328125,5.559696197509766,0.167350634932518,2,2,0.8965471778512001
TRAIN_0501,3.661376953125,3.575312852859497,0.05122135579586029,1,0,0.7572517996430397
TRAIN_0502,1.315673828125,1.2913953065872192,0.010867931880056858,0,3,0.031087730654825767
TRAIN_0503,1.41015625,1.3436814546585083,0.014870531857013702,0,3,0.03263580639163653
TRAIN_0504,4.31298828125,3.906216621398926,0.07659075409173965,1,1,0.7877167993485927
TRAIN_0505,4.06591796875,3.7376084327697754,0.07519939541816711,1,0,0.781924977183342
TRAIN_0506,7.172119140625,5.544256210327148,0.18520964682102203,2,2,0.919503076016903
TRAIN_0507,5.1064453125,4.528993129730225,0.06462867558002472,2,1,0.7948157564997673
TRAIN_0508,1.399658203125,1.3401833772659302,0.014764383435249329,0,3,0.032542801121870676
TRAIN_0509,9.28369140625,8.207902908325195,0.1165628582239151,2,2,0.9126259831786157
TRAIN_0510,6.47412109375,5.635800361633301,0.15880979597568512,2,2,0.8874122185111046
TRAIN_0511,2.90087890625,2.8532862663269043,0.024080920964479446,1,0,0.04447459444900354
TRAIN_0512,9.4189453125,9.107259750366211,0.10868749022483826,2,0,0.9097506767511367
TRAIN_0513,1.217041015625,1.1807007789611816,0.011736713349819183,0,3,0.030649333049853643
TRAIN_0514,2.465087890625,2.4077670574188232,0.017788788303732872,1,1,0.040173788559933504
TRAIN_0515,1.635986328125,1.6024925708770752,0.012060873210430145,0,3,0.03344811488191287
TRAIN_0516,12.50146484375,11.794917106628418,0.18058322370052338,3,1,0.95
TRAIN_0517,1.132080078125,1.1005173921585083,0.00791456550359726,0,3,0.02920525245865186
TRAIN_0518,2.437744140625,2.3852269649505615,0.017676925286650658,1,1,0.03996995281428099
TRAIN_0519,4.103759765625,3.6773440837860107,0.07518061250448227,1,1,0.7826497441828251
TRAIN_0520,2.336669921875,2.2912344932556152,0.017696520313620567,1,1,0.03931754256536564
TRAIN_0521,1.886962890625,1.844707727432251,0.014153623953461647,0,3,0.03556777104487022
TRAIN_0522,9.66455078125,8.832822799682617,0.13254386186599731,2,1,0.9312394435405731
TRAIN_0523,5.3408203125,4.259301662445068,0.09312454611063004,2,2,0.819333178371191
TRAIN_0524,1.873046875,1.8349944353103638,0.012123745866119862,0,3,0.03500367872292797
TRAIN_0525,1.230712890625,1.2041047811508179,0.009960774332284927,0,3,0.030323814466595652
TRAIN_0526,2.1064453125,2.059727191925049,0.012714092619717121,1,1,0.036658516142517326
TRAIN_0527,4.274169921875,3.619107246398926,0.07011979818344116,1,1,0.7824301722049714
TRAIN_0528,2.892333984375,2.839601993560791,0.02455858699977398,1,0,0.04453050786505143
TRAIN_0529,16.259033203125,15.14496898651123,0.21885451674461365,3,0,0.95
TRAIN_0530,1.581787109375,1.5510752201080322,0.011821632273495197,0,3,0.033039997074753046
TRAIN_0531,7.797607421875,7.474045276641846,0.10687725245952606,2,1,0.8768674214482308
TRAIN_0532,1.786865234375,1.7518256902694702,0.011907367035746574,0,3,0.034393009665111704
TRAIN_0533,5.0361328125,4.843371868133545,0.07798782736063004,2,2,0.802796068996191
TRAIN_0534,1.23291015625,1.2057182788848877,0.01038863230496645,0,3,0.030437930220117173
TRAIN_0535,20.106689453125,17.032670974731445,0.2823849618434906,3,2,0.95
TRAIN_0536,1.29638671875,1.269871711730957,0.010369036346673965,0,3,0.030845955486098926
TRAIN_0537,2.4296875,2.387559652328491,0.01819705031812191,1,1,0.04003894715756178
TRAIN_0538,1.38330078125,1.3452091217041016,0.011313754133880138,0,3,0.03163133104269703
TRAIN_0539,4.088623046875,3.5647568702697754,0.06792335212230682,1,2,0.7772744958996773
TRAIN_0540,1.163330078125,1.1347966194152832,0.008082769811153412,0,3,0.029447625130414965
TRAIN_0541,1.779296875,1.744213342666626,0.01177835650742054,0,3,0.034313712872564794
TRAIN_0542,1.802490234375,1.7567951679229736,0.01189185306429863,0,3,0.034490952238440516
TRAIN_0543,1.849853515625,1.7997230291366577,0.012079653330147266,0,3,0.03484263362859687
TRAIN_0544,4.430908203125,4.290500164031982,0.056692883372306824,1,0,0.7760877283215523
TRAIN_0545,2.30419921875,2.244577407836914,0.018463237211108208,1,1,0.039285383604466914
TRAIN_0546,4.616943359375,4.332010746002197,0.11673351377248764,1,1,0.8217438551485539
TRAIN_0547,5.669677734375,5.285986423492432,0.09399332106113434,2,2,0.8263540405631066
TRAIN_0548,6.16650390625,5.5791850090026855,0.19401422142982483,2,2,0.9060567811727525
TRAIN_0549,8.496826171875,7.434327125549316,0.13005918264389038,2,0,0.9067295382022857
TRAIN_0550,1.384033203125,1.3544056415557861,0.011637097224593163,0,3,0.03171153850605091
TRAIN_0551,2.49072265625,2.430712938308716,0.01816275529563427,1,1,0.040427673501273
TRAIN_0552,1.3486328125,1.3157635927200317,0.011015722528100014,0,3,0.03133644853780667
TRAIN_0553,12.109375,11.50302505493164,0.1631210446357727,3,1,0.95
TRAIN_0554,1.58740234375,1.553139328956604,0.012592430226504803,0,3,0.03325634895389279
TRAIN_0555,15.496826171875,13.25076961517334,0.17892159521579742,3,2,0.95
TRAIN_0556,13.0771484375,11.840633392333984,0.17225059866905212,3,2,0.95
TRAIN_0557,2.39794921875,2.3542137145996094,0.018028846010565758,1,1,0.039793400657673686
TRAIN_0558,2.685546875,2.6208112239837646,0.02057640068233013,1,0,0.04225721484671037
TRAIN_0559,1.112548828125,1.0867295265197754,0.007874555885791779,0,3,0.029068963756163912
TRAIN_0560,2.01953125,1.9727779626846313,0.014388782903552055,1,2,0.03648433580249548
TRAIN_0561,2.242919921875,2.2027902603149414,0.017140468582510948,1,1,0.03857842216144006
TRAIN_0562,6.05224609375,5.083673477172852,0.17483489215373993,2,2,0.890403223335743
TRAIN_0563,10.768798828125,9.892105102539062,0.1277296394109726,3,2,0.9494023247361183
TRAIN_0564,6.80859375,6.1189470291137695,0.17363542318344116,2,2,0.9043123743534089
TRAIN_0565,2.109130859375,2.071026086807251,0.012768799439072609,1,1,0.03668873712172111
TRAIN_0566,1.078125,1.0525530576705933,0.008789879269897938,0,3,0.029058784329642852
TRAIN_0567,13.858154296875,13.128580093383789,0.17850762605667114,3,0,0.95
TRAIN_0568,2.284423828125,2.2328081130981445,0.017448298633098602,1,1,0.038920024563868845
TRAIN_0569,2.37548828125,2.328042507171631,0.01809498481452465,1,1,0.03966283695151409
TRAIN_0570,3.4384765625,3.0099663734436035,0.058561090379953384,1,1,0.7580430562347173
TRAIN_0571,1.240234375,1.2149368524551392,0.010137960314750671,0,3,0.030427047510941822
TRAIN_0572,1.894775390625,1.8607736825942993,0.012531191110610962,0,3,0.03523998463153839
TRAIN_0573,2.527587890625,2.3962395191192627,0.03247641772031784,1,1,0.72202145627141
TRAIN_0574,1.467529296875,1.411312460899353,0.014986478723585606,0,3,0.03303578546519081
TRAIN_0575,2.222900390625,2.1846683025360107,0.01712985336780548,1,1,0.03844581832488378
TRAIN_0576,11.041015625,10.051393508911133,0.1401432454586029,3,2,0.95
TRAIN_0577,1.362060546875,1.3331286907196045,0.011688538827002048,0,3,0.031580719280987976
TRAIN_0578,1.45849609375,1.3998386859893799,0.014666400849819183,0,3,0.03290238480766614
TRAIN_0579,1.83642578125,1.795396327972412,0.012092717923223972,0,3,0.0347584017602106
TRAIN_0580,16.243408203125,15.02860164642334,0.28276628255844116,3,0,0.95
TRAIN_0581,1.9296875,1.8853167295455933,0.014186285436153412,0,3,0.0358531020184358
TRAIN_0582,1.742431640625,1.7094694375991821,0.011940027587115765,0,3,0.03411181210105618
TRAIN_0583,6.57275390625,4.9066033363342285,0.14754259586334229,2,2,0.8814485182762146
TRAIN_0584,3.15673828125,3.03519868850708,0.04674190655350685,1,0,0.7442757310718298
TRAIN_0585,3.8818359375,3.559269905090332,0.05681944265961647,1,2,0.7654694106429816
TRAIN_0586,2.651611328125,2.589629888534546,0.019909299910068512,1,0,0.041880976945161824
TRAIN_0587,20.924072265625,17.300729751586914,0.338776558637619,3,0,0.95
TRAIN_0588,4.739501953125,4.233222961425781,0.05678596720099449,1,0,0.7821704651266337
TRAIN_0589,1.252685546875,1.2201707363128662,0.011450930498540401,0,3,0.03081433983768026
TRAIN_0590,1.825439453125,1.7799688577651978,0.011894302442669868,0,3,0.034640693681935474
TRAIN_0591,1.463134765625,1.4084481000900269,0.014490031637251377,0,3,0.03289138335858782
TRAIN_0592,4.78125,4.210206031799316,0.10764314979314804,1,2,0.8185845798552036
TRAIN_0593,3.859619140625,3.776944398880005,0.04947726055979729,1,0,0.7598966556340456
TRAIN_0594,15.44970703125,14.611305236816406,0.24476118385791779,3,1,0.95
TRAIN_0595,3.567138671875,3.188164710998535,0.04970180615782738,1,2,0.7543504684120417
TRAIN_0596,1.276611328125,1.2401355504989624,0.01171140093356371,0,3,0.031030633850644033
TRAIN_0597,1.825439453125,1.7707560062408447,0.011640363372862339,0,3,0.034581441232313714
TRAIN_0598,2.98876953125,2.714155435562134,0.030942169949412346,1,0,0.7299405248239637
TRAIN_0599,4.244873046875,4.005450248718262,0.0704709067940712,1,0,0.7821046591699123
TRAIN_0600,12.316162109375,10.502248764038086,0.2208484709262848,3,2,0.95
TRAIN_0601,1.21728515625,1.183129906654358,0.011391323991119862,0,3,0.03057032911355297
TRAIN_0602,2.195556640625,2.1512651443481445,0.012823507189750671,1,1,0.03726326984167099
TRAIN_0603,2.672607421875,2.611715078353882,0.020342057570815086,1,0,0.04211842834204436
TRAIN_0604,1.80615234375,1.7655359506607056,0.011850209906697273,0,3,0.034505039212604366
TRAIN_0605,11.214111328125,10.20596694946289,0.17108868062496185,3,1,0.95
TRAIN_0606,20.313232421875,17.593414306640625,0.27641862630844116,3,2,0.95
TRAIN_0607,2.013671875,1.9794905185699463,0.012938636355102062,1,1,0.03610788233702382
TRAIN_0608,1.119140625,1.0950841903686523,0.007908849976956844,0,3,0.0291198123904566
TRAIN_0609,4.163330078125,3.9420905113220215,0.06219543516635895,1,0,0.7747217411398888
TRAIN_0610,9.663330078125,8.514424324035645,0.15184321999549866,2,1,0.9447251905202866
TRAIN_0611,2.271728515625,2.2239725589752197,0.01734868250787258,1,1,0.03881426127006611
TRAIN_0612,1.32080078125,1.2874319553375244,0.011278643272817135,0,3,0.031216888508449
TRAIN_0613,8.412109375,7.5735955238342285,0.10328944772481918,2,2,0.8863387462198734
TRAIN_0614,17.777587890625,16.189022064208984,0.24899403750896454,3,0,0.95
TRAIN_0615,3.501708984375,3.4082603454589844,0.03544203191995621,1,1,0.7430927475392819
TRAIN_0616,6.528564453125,6.115180492401123,0.10903042554855347,2,2,0.8536283047199249
TRAIN_0617,5.97802734375,5.592226505279541,0.16017992794513702,2,2,0.8786974827647209
TRAIN_0618,7.627197265625,6.517316818237305,0.13007795810699463,2,2,0.8897849173545838
TRAIN_0619,4.3076171875,3.6460793018341064,0.0682801753282547,1,1,0.7817946578860283
TRAIN_0620,2.70751953125,2.6428263187408447,0.020545372739434242,1,0,0.04239279725899299
TRAIN_0621,3.772216796875,3.3454182147979736,0.05620051920413971,1,2,0.7628985909819603
TRAIN_0622,2.2705078125,2.226729154586792,0.017307855188846588,1,1,0.038796800325314205
TRAIN_0623,5.453125,4.722850799560547,0.15474922955036163,2,2,0.8646603981852532
TRAIN_0624,1.28173828125,1.2541145086288452,0.010664617642760277,0,3,0.030819709611435733
TRAIN_0625,1.26220703125,1.2310378551483154,0.011904100887477398,0,3,0.030981969243536394
TRAIN_0626,4.432861328125,4.200097560882568,0.07375577837228775,1,0,0.788069840759039
TRAIN_0627,2.476318359375,2.4304141998291016,0.018201949074864388,1,1,0.04034319078673919
TRAIN_0628,20.055419921875,16.833498001098633,0.25105249881744385,3,2,0.95
TRAIN_0629,4.595458984375,4.161391735076904,0.07267960160970688,1,1,0.7904871713221073
TRAIN_0630,2.0556640625,2.01520037651062,0.01436591986566782,1,1,0.03671386437490583
TRAIN_0631,4.869873046875,4.518918991088867,0.11813711374998093,1,1,0.8276585040390492
TRAIN_0632,1.8544921875,1.8105216026306152,0.012494447641074657,0,3,0.034969570335000755
TRAIN_0633,1.98095703125,1.933518648147583,0.014264671131968498,0,3,0.03620464396725098
TRAIN_0634,5.640869140625,5.301935195922852,0.07479439675807953,2,2,0.8123530259728432
TRAIN_0635,1.85400390625,1.6767325401306152,0.014877880923449993,0,3,0.6965675928182901
TRAIN_0636,2.258544921875,2.206014633178711,0.017508720979094505,1,1,0.038765910220642893
TRAIN_0637,1.63134765625,1.5984376668930054,0.012933737598359585,0,3,0.033621631871908905
TRAIN_0638,16.993896484375,13.669405937194824,0.24705153703689575,3,2,0.95
TRAIN_0639,1.328369140625,1.2933011054992676,0.011776722967624664,0,3,0.03138230143984159
TRAIN_0640,10.221923828125,9.313427925109863,0.1263154149055481,3,2,0.9377483050823212
TRAIN_0641,1.970947265625,1.9362841844558716,0.012923122383654118,0,3,0.03582655244941513
TRAIN_0642,1.82568359375,1.789776086807251,0.012321344576776028,0,3,0.03474192376062274
TRAIN_0643,1.65576171875,1.6169408559799194,0.011975138448178768,0,3,0.03355665014311671
TRAIN_0644,5.840087890625,5.213677883148193,0.16371221840381622,2,2,0.8784802667498588
TRAIN_0645,1.142822265625,1.1110349893569946,0.007984786294400692,0,3,0.02929146152858933
TRAIN_0646,2.460693359375,2.3986988067626953,0.019751710817217827,1,1,0.040603239359954996
TRAIN_0647,4.8203125,4.332913875579834,0.11238225549459457,1,2,0.8226636725962162
TRAIN_0648,7.906494140625,6.236761093139648,0.20511078834533691,2,2,0.9477541875839233
TRAIN_0649,8.814208984375,7.885609149932861,0.13511264324188232,2,2,0.9164559254646301
TRAIN_0650,1.92578125,1.8296682834625244,0.023634282872080803,0,3,0.7040967323854566
TRAIN_0651,2.55126953125,2.501375913619995,0.01787370629608631,1,0,0.04075378342221181
TRAIN_0652,21.37060546875,18.033226013183594,0.3044760227203369,3,2,0.95
TRAIN_0653,4.30859375,3.7630014419555664,0.08056232333183289,1,1,0.7904112044572831
TRAIN_0654,7.6806640625,7.354930877685547,0.08783591538667679,2,1,0.8612580899894238
TRAIN_0655,6.88037109375,5.897668361663818,0.16204486787319183,2,2,0.8975986438393593
TRAIN_0656,5.306640625,4.666651725769043,0.08831358700990677,2,2,0.8152990030944347
TRAIN_0657,5.914306640625,5.5113749504089355,0.07063175737857819,2,2,0.8147712096571922
TRAIN_0658,4.5986328125,4.251047611236572,0.09046594053506851,1,1,0.802999498218298
TRAIN_0659,1.849609375,1.8018378019332886,0.012082919478416443,0,3,0.034841808815797175
TRAIN_0660,5.95947265625,5.425632476806641,0.14990806579589844,2,2,0.8711453628540039
TRAIN_0661,1.986328125,1.9507970809936523,0.012534457258880138,0,3,0.0358358395062387
TRAIN_0662,4.968505859375,4.462352752685547,0.09009279310703278,1,2,0.8099508194327354
TRAIN_0663,4.0947265625,3.525484561920166,0.07097878307104111,1,1,0.7795323161184788
TRAIN_0664,20.01904296875,17.17051887512207,0.28189751505851746,3,1,0.95
TRAIN_0665,1.834716796875,1.7961833477020264,0.01184204500168562,0,3,0.03468880301341415
TRAIN_0666,1.36767578125,1.3355480432510376,0.011465627700090408,0,3,0.031565205708146096
TRAIN_0667,4.2744140625,4.1458330154418945,0.061848413199186325,1,0,0.7766449634581805
TRAIN_0668,1.56640625,1.5346745252609253,0.011725282296538353,0,3,0.03291753982752561
TRAIN_0669,2.113037109375,2.0722124576568604,0.012781047262251377,1,1,0.03671698557212949
TRAIN_0670,1.034912109375,1.0102498531341553,0.008859283290803432,0,3,0.028794094812124967
TRAIN_0671,5.00732421875,4.355868816375732,0.08448735624551773,2,2,0.8067839716374874
TRAIN_0672,6.531005859375,5.573033332824707,0.08650580048561096,2,1,0.8379086745977402
TRAIN_0673,6.018798828125,5.066922187805176,0.13369597494602203,2,2,0.8609537596106529
TRAIN_0674,16.306396484375,14.120977401733398,0.20644253492355347,3,0,0.95
TRAIN_0675,1.615478515625,1.584204077720642,0.01186082512140274,0,3,0.03326813621322314
TRAIN_0676,2.761962890625,2.7234303951263428,0.018851086497306824,1,0,0.042351345638434096
TRAIN_0677,1.36962890625,1.340288758277893,0.011886137537658215,0,3,0.03167601998274525
TRAIN_0678,2.433837890625,2.3776168823242188,0.018726974725723267,1,1,0.0401895737250646
TRAIN_0679,20.986083984375,17.681610107421875,0.2987946569919586,3,2,0.95
TRAIN_0680,2.7099609375,2.671693801879883,0.019010307267308235,1,0,0.042050484456121924
TRAIN_0681,19.041748046875,15.404858589172363,0.35002171993255615,3,0,0.95
TRAIN_0682,4.5439453125,4.234316349029541,0.12855106592178345,1,1,0.8285926797389984
TRAIN_0683,4.3291015625,3.6657984256744385,0.105281762778759,1,1,0.8081147144138814
TRAIN_0684,1.6416015625,1.6057782173156738,0.011932679452002048,0,3,0.03345470202838381
TRAIN_0685,5.86181640625,4.780982971191406,0.12758103013038635,2,2,0.8536121410131454
TRAIN_0686,2.65625,2.5915961265563965,0.019881539046764374,1,0,0.04190465077757836
TRAIN_0687,1.81640625,1.7819268703460693,0.01217845268547535,0,3,0.03464827958494425
TRAIN_0688,5.64453125,5.297092914581299,0.09707080572843552,2,2,0.8280179233849049
TRAIN_0689,2.816650390625,2.7769854068756104,0.019842345267534256,1,0,0.04293810810148717
TRAIN_0690,2.119873046875,2.076807975769043,0.014866448938846588,1,1,0.037248012890418375
TRAIN_0691,16.7041015625,15.403326988220215,0.23561856150627136,3,0,0.95
TRAIN_0692,4.18310546875,4.026925086975098,0.06386849284172058,1,0,0.7762785016298295
TRAIN_0693,12.23388671875,11.203666687011719,0.21690383553504944,3,2,0.95
TRAIN_0694,12.083251953125,11.47586441040039,0.2380567044019699,3,0,0.95
TRAIN_0695,4.6298828125,4.13633394241333,0.11149061471223831,1,2,0.8183261451423168
TRAIN_0696,2.627685546875,2.584240674972534,0.020016266033053398,1,0,0.04175041812906663
TRAIN_0697,12.103515625,11.514852523803711,0.16289977729320526,3,1,0.95
TRAIN_0698,1.62548828125,1.5972046852111816,0.012772882357239723,0,3,0.03354601304481427
TRAIN_0699,1.645751953125,1.6116172075271606,0.012834938243031502,0,3,0.03369220661868652
TRAIN_0700,2.29736328125,2.2554233074188232,0.01739685609936714,1,1,0.03899212775131067
TRAIN_0701,4.69873046875,4.317850589752197,0.08180833607912064,1,2,0.7988910793960095
TRAIN_0702,4.212158203125,4.0943193435668945,0.05767026171088219,1,0,0.772506268158555
TRAIN_0703,4.36669921875,3.948958396911621,0.0683814212679863,1,2,0.7830176296532154
TRAIN_0704,12.499267578125,11.928966522216797,0.19535823166370392,3,1,0.95
TRAIN_0705,2.044921875,1.9358162879943848,0.01818316988646984,1,1,0.7026041954830289
TRAIN_0706,1.585205078125,1.553179383277893,0.01260304544121027,0,3,0.03324454361076156
TRAIN_0707,1.396240234375,1.3331964015960693,0.015007708221673965,0,3,0.03257736010849476
TRAIN_0708,2.31103515625,2.2713146209716797,0.018280334770679474,1,1,0.039287139962116885
TRAIN_0709,5.5,5.069047927856445,0.06645768880844116,2,2,0.8037703821659088
TRAIN_0710,6.60791015625,4.9914445877075195,0.1531659960746765,2,2,0.8860704452991486
TRAIN_0711,14.351318359375,13.380242347717285,0.22473348677158356,3,1,0.95
TRAIN_0712,14.23388671875,13.217174530029297,0.1966981440782547,3,1,0.95
TRAIN_0713,2.610595703125,2.5710506439208984,0.01910257525742054,1,0,0.04142613963037729
TRAIN_0714,2.269775390625,2.2189059257507324,0.017773274332284927,1,1,0.03890063738326232
TRAIN_0715,1.892333984375,1.8425750732421875,0.012092717923223972,0,3,0.035121805080523094
TRAIN_0716,1.233642578125,1.2034924030303955,0.0117995860055089,0,3,0.030771913492431243
TRAIN_0717,1.02978515625,1.0066155195236206,0.008079503662884235,0,3,0.028578821036964658
TRAIN_0718,6.219482421875,5.585472106933594,0.16321739554405212,2,2,0.885532084107399
TRAIN_0719,16.93505859375,14.938570022583008,0.2168760746717453,3,0,0.95
TRAIN_0720,1.346923828125,1.3203589916229248,0.010550304315984249,0,3,0.03121674255654216
TRAIN_0721,7.04248046875,5.648751735687256,0.15531018376350403,2,2,0.8960454977750778
TRAIN_0722,2.116455078125,2.0738251209259033,0.013457128778100014,1,1,0.036896954722702505
TRAIN_0723,15.864013671875,13.850196838378906,0.23614276945590973,3,0,0.95
TRAIN_0724,2.63671875,2.5736985206604004,0.020053008571267128,1,0,0.04181770720829567
TRAIN_0725,1.37353515625,1.344375491142273,0.01164934504777193,0,3,0.031646159026771786
TRAIN_0726,2.566162109375,2.506441593170166,0.01979008875787258,1,0,0.04129774108777444
TRAIN_0727,1.979736328125,1.9444559812545776,0.013987869955599308,0,3,0.036132122455785676
TRAIN_0728,1.4501953125,1.3909965753555298,0.01485991757363081,0,3,0.032893583631763854
TRAIN_0729,1.651123046875,1.6203784942626953,0.012923939153552055,0,3,0.033747885607182976
TRAIN_0730,1.8515625,1.8025563955307007,0.011835512705147266,0,3,0.03479677588120103
TRAIN_0731,1.3173828125,1.2933999300003052,0.010956933721899986,0,3,0.03111960614969333
TRAIN_0732,2.663330078125,2.603376865386963,0.020414728671312332,1,0,0.042075082197785385
TRAIN_0733,21.668212890625,18.411457061767578,0.3309958875179291,3,2,0.95
TRAIN_0734,11.414306640625,10.600085258483887,0.18169941008090973,3,1,0.95
TRAIN_0735,21.345703125,18.0512638092041,0.33003973960876465,3,2,0.95
TRAIN_0736,5.4697265625,5.007814884185791,0.15595278143882751,2,2,0.8658266149759293
TRAIN_0737,5.0859375,4.686525821685791,0.09066925197839737,2,2,0.8126442576348782
TRAIN_0738,1.216552734375,1.1911907196044922,0.010283300653100014,0,3,0.03030702959249417
TRAIN_0739,4.489013671875,3.8519299030303955,0.07361941784620285,1,0,0.7890693590939045
TRAIN_0740,2.052978515625,2.0126659870147705,0.014419810846447945,1,1,0.036708982882400355
TRAIN_0741,15.125244140625,14.296831130981445,0.2079155445098877,3,1,0.95
TRAIN_0742,3.7861328125,3.490412473678589,0.06440168619155884,1,2,0.7689107701778413
TRAIN_0743,11.68212890625,10.926092147827148,0.19230687618255615,3,1,0.95
TRAIN_0744,3.4423828125,2.8038251399993896,0.0661180168390274,1,0,0.7634090766310692
TRAIN_0745,1.848388671875,1.8118892908096313,0.012155590578913689,0,3,0.0348508308356007
TRAIN_0746,6.8828125,6.43033504486084,0.12808728218078613,2,2,0.8738759412765503
TRAIN_0747,5.5634765625,5.0794548988342285,0.14787492156028748,2,2,0.8620002380609513
TRAIN_0748,6.8544921875,5.66834831237793,0.16198444366455078,2,2,0.8970517082214355
TRAIN_0749,2.896240234375,2.384354829788208,0.05305282026529312,1,2,0.7436136587560177
TRAIN_0750,6.5126953125,5.252906799316406,0.14823010563850403,2,2,0.8807586325407029
TRAIN_0751,10.339599609375,9.779729843139648,0.12341349571943283,3,0,0.9380116393864155
TRAIN_0752,4.990966796875,4.560569763183594,0.1184718906879425,1,1,0.8302541760206222
TRAIN_0753,6.724365234375,6.490523338317871,0.1036609634757042,2,1,0.8536877965033054
TRAIN_0754,1.837646484375,1.8025424480438232,0.011923697777092457,0,3,0.034726898296425744
TRAIN_0755,4.8359375,4.205065727233887,0.08415094763040543,1,1,0.8032064445912839
TRAIN_0756,2.007568359375,1.9632923603057861,0.014200982637703419,1,2,0.036362756951401634
TRAIN_0757,1.017578125,0.993057906627655,0.008610243909060955,0,3,0.028623314724614223
TRAIN_0758,4.2177734375,3.7642369270324707,0.07745137065649033,1,1,0.7864625414907933
TRAIN_0759,2.122314453125,2.080470085144043,0.012536090798676014,1,1,0.0367201317983369
TRAIN_0760,5.668212890625,5.467061519622803,0.08349854499101639,2,2,0.818979132860899
TRAIN_0761,2.37744140625,2.3351707458496094,0.017854109406471252,1,1,0.03961932800213496
TRAIN_0762,4.936767578125,4.702935695648193,0.08102284371852875,1,0,0.8029829583764077
TRAIN_0763,1.981689453125,1.9465667009353638,0.013281576335430145,0,3,0.035980015923579536
TRAIN_0764,4.315673828125,3.8348727226257324,0.06377949565649033,1,2,0.7788012866079808
TRAIN_0765,3.092041015625,2.8848798274993896,0.033025939017534256,1,1,0.7334129571169615
TRAIN_0766,4.29052734375,3.883375883102417,0.056962333619594574,1,0,0.7735389167368412
TRAIN_0767,2.797607421875,2.7581489086151123,0.019737830385565758,1,0,0.04278994199881951
TRAIN_0768,6.0068359375,5.350154876708984,0.15100465714931488,2,2,0.8728365607857704
TRAIN_0769,17.019775390625,14.845650672912598,0.23079781234264374,3,2,0.95
TRAIN_0770,2.77294921875,2.7341928482055664,0.01992563158273697,1,0,0.04267348395784697
TRAIN_0771,18.922119140625,16.60294532775879,0.2534244954586029,3,2,0.95
TRAIN_0772,5.083740234375,4.704687595367432,0.06731341034173965,2,1,0.7962523218095303
TRAIN_0773,1.264404296875,1.240296483039856,0.010356788523495197,0,3,0.030635211918503047
TRAIN_0774,15.8720703125,13.297188758850098,0.2676369249820709,3,0,0.95
TRAIN_0775,2.09765625,2.0605273246765137,0.012496080249547958,1,1,0.03655051768322786
TRAIN_0776,3.5126953125,3.185476541519165,0.06929021328687668,1,1,0.7670007078945636
TRAIN_0777,12.523681640625,11.923818588256836,0.18695293366909027,3,1,0.95
TRAIN_0778,2.2060546875,2.1617419719696045,0.013260346837341785,1,1,0.037433436397463084
TRAIN_0779,2.675537109375,2.613326072692871,0.020651521161198616,1,0,0.04220967948188385
TRAIN_0780,8.216796875,7.462441444396973,0.09644371271133423,2,2,0.877738137960434
TRAIN_0781,13.88330078125,13.295598983764648,0.1793968230485916,3,0,0.95
TRAIN_0782,13.2861328125,12.2839937210083,0.16640020906925201,3,0,0.95
TRAIN_0783,2.490966796875,2.431649684906006,0.01774877868592739,1,1,0.040332665873070564
TRAIN_0784,1.618408203125,1.588739037513733,0.01279492862522602,0,3,0.03350513666619857
TRAIN_0785,1.839111328125,1.804059624671936,0.012282967567443848,0,3,0.0348202493985494
TRAIN_0786,1.5615234375,1.5230234861373901,0.011947376653552055,0,3,0.03293762356291215
TRAIN_0787,4.776123046875,4.480961799621582,0.11221405118703842,1,1,0.8216842352449893
TRAIN_0788,21.654541015625,18.152484893798828,0.32116901874542236,3,2,0.95
TRAIN_0789,2.789306640625,2.7477030754089355,0.01965617761015892,1,0,0.042716934606432916
TRAIN_0790,2.4228515625,2.3696060180664062,0.01772836595773697,1,1,0.03988515387972197
TRAIN_0791,10.27880859375,8.816946029663086,0.19324669241905212,3,2,0.95
TRAIN_0792,12.806396484375,12.15707778930664,0.17209790647029877,3,1,0.95
TRAIN_0793,5.1865234375,4.7338409423828125,0.11629095673561096,2,2,0.8325408767461777
TRAIN_0794,6.7177734375,5.448732852935791,0.1394018530845642,2,2,0.8785778791904449
TRAIN_0795,5.792724609375,4.966054439544678,0.14376290142536163,2,2,0.8635921608805657
TRAIN_0796,6.404052734375,6.204561233520508,0.09901657700538635,2,1,0.844190632224083
TRAIN_0797,5.87890625,5.48551082611084,0.15244174003601074,2,2,0.8713478899002075
TRAIN_0798,2.500244140625,2.242060899734497,0.034501396119594574,1,1,0.7229057380259037
TRAIN_0799,14.1806640625,13.01441478729248,0.2279856950044632,3,2,0.95
TRAIN_0800,3.69873046875,3.185235023498535,0.06036479026079178,1,2,0.7643805973231792
TRAIN_0801,2.696044921875,2.6558051109313965,0.01938345842063427,1,0,0.04204709895700216
TRAIN_0802,4.749267578125,4.10732889175415,0.10928110033273697,1,2,0.8191074880063534
TRAIN_0803,14.753173828125,14.177237510681152,0.2588396966457367,3,0,0.95
TRAIN_0804,6.063720703125,5.377756595611572,0.12007227540016174,2,2,0.8522931464910507
TRAIN_0805,1.60107421875,1.5654754638671875,0.011735080741345882,0,3,0.03314516792818904
TRAIN_0806,2.795166015625,2.755622625350952,0.019739463925361633,1,0,0.042774454017480215
TRAIN_0807,17.808837890625,15.707233428955078,0.25099942088127136,3,0,0.95
TRAIN_0808,1.019287109375,0.9961394667625427,0.00802561268210411,0,3,0.028498009170095127
TRAIN_0809,4.76025390625,4.526834964752197,0.06259635090827942,1,0,0.7866423968076706
TRAIN_0810,1.037353515625,1.0098930597305298,0.008683730848133564,0,3,0.028769001716127
TRAIN_0811,7.803466796875,6.98184061050415,0.13108554482460022,2,1,0.8939274839162827
TRAIN_0812,2.464599609375,2.4229226112365723,0.01794964261353016,1,1,0.04020814740409454
TRAIN_0813,23.43505859375,20.851930618286133,0.4001138210296631,3,0,0.95
TRAIN_0814,6.04833984375,5.681926250457764,0.12257818877696991,2,2,0.8537473590970039
TRAIN_0815,18.7685546875,16.036945343017578,0.24726954102516174,3,2,0.95
TRAIN_0816,3.285400390625,2.938333749771118,0.059844665229320526,1,1,0.7559565732777119
TRAIN_0817,4.57666015625,4.325209140777588,0.11535930633544922,1,0,0.8199963874816895
TRAIN_0818,2.545166015625,2.1539156436920166,0.03637205436825752,1,1,0.7250911753624678
TRAIN_0819,1.4443359375,1.3862957954406738,0.01430223137140274,0,3,0.03272537091374397
TRAIN_0820,6.140869140625,5.901763439178467,0.07703738659620285,2,1,0.8236731188595295
TRAIN_0821,1.981201171875,1.9327764511108398,0.01415280718356371,0,3,0.03618012929335237
TRAIN_0822,7.3466796875,5.735840797424316,0.1823354810476303,2,2,0.9208950906395912
TRAIN_0823,3.66796875,3.509777784347534,0.05815691128373146,1,0,0.762235228523612
TRAIN_0824,5.580810546875,5.099153518676758,0.06482872366905212,2,2,0.804205912232399
TRAIN_0825,2.435546875,2.3796026706695557,0.017605070024728775,1,1,0.03993890435993672
TRAIN_0826,4.616943359375,4.322834014892578,0.0626298263669014,1,1,0.7838712739646435
TRAIN_0827,6.3857421875,5.428408622741699,0.1456000804901123,2,2,0.8764420289993287
TRAIN_0828,1.232666015625,1.2057386636734009,0.010523359291255474,0,3,0.030467779602855447
TRAIN_0829,2.256103515625,2.212617874145508,0.018007617443799973,1,1,0.03886645025511583
TRAIN_0830,4.485595703125,4.133537769317627,0.11827266216278076,1,1,0.8202599797248841
TRAIN_0831,1.0419921875,1.019402265548706,0.008656785823404789,0,3,0.028792865910877784
TRAIN_0832,2.971435546875,2.7291312217712402,0.04644877463579178,1,0,0.7404571354091167
TRAIN_0833,4.6943359375,4.254973411560059,0.0735018402338028,1,1,0.792990838944912
TRAIN_0834,2.613525390625,2.546564817428589,0.02017793618142605,1,0,0.04169610014806191
TRAIN_0835,1.240478515625,1.2140721082687378,0.01015429012477398,0,3,0.030432444714009764
TRAIN_0836,19.303955078125,16.451467514038086,0.25178655982017517,3,2,0.95
TRAIN_0837,3.8076171875,3.544650077819824,0.06881336122751236,1,1,0.7724178880155087
TRAIN_0838,3.54931640625,3.147826671600342,0.053595807403326035,1,2,0.7567287351042032
TRAIN_0839,7.45703125,7.027838706970215,0.1270037442445755,2,0,0.8843147303462029
TRAIN_0840,13.619384765625,11.880362510681152,0.2007276862859726,3,0,0.95
TRAIN_0841,4.941650390625,4.440276145935059,0.060114119201898575,1,0,0.7884420660585165
TRAIN_0842,11.5869140625,11.210542678833008,0.15435892343521118,3,0,0.95
TRAIN_0843,5.439453125,5.147625923156738,0.06815279275178909,2,2,0.8037762908637524
TRAIN_0844,2.0302734375,1.9859166145324707,0.014326727017760277,1,1,0.03653968031456074
TRAIN_0845,9.82373046875,8.858845710754395,0.12272271513938904,2,2,0.9274686447381975
TRAIN_0846,3.592041015625,3.3859078884124756,0.04512437433004379,1,0,0.7516318618357182
TRAIN_0847,8.591552734375,8.148300170898438,0.09930317848920822,2,1,0.8870475032627583
TRAIN_0848,1.151611328125,1.1246635913848877,0.007885170169174671,0,3,0.02932534667228659
TRAIN_0849,11.460205078125,9.886384963989258,0.18688516318798065,3,1,0.95
TRAIN_0850,1.803466796875,1.7719041109085083,0.012161306105554104,0,3,0.03456017227098346
TRAIN_0851,1.2861328125,1.2568236589431763,0.01056745182722807,0,3,0.03082560204093655
TRAIN_0852,5.099365234375,4.478176116943359,0.08541819453239441,2,2,0.8092303582429886
TRAIN_0853,7.065673828125,5.774224758148193,0.18174023926258087,2,2,0.9149988071322441
TRAIN_0854,1.7744140625,1.7443088293075562,0.012805542908608913,0,3,0.03452165141825875
TRAIN_0855,2.412353515625,2.3525006771087646,0.017497289925813675,1,1,0.039762998834252355
TRAIN_0856,1.821533203125,1.77835214138031,0.011796319857239723,0,3,0.03459244045366844
TRAIN_0857,8.203857421875,6.703365802764893,0.21339115500450134,2,1,0.95
TRAIN_0858,1.0478515625,1.0246655941009521,0.008159522898495197,0,3,0.028714923832565548
TRAIN_0859,2.113525390625,2.0734145641326904,0.012710009701550007,1,1,0.03670358396942417
TRAIN_0860,5.961181640625,5.09135103225708,0.13303786516189575,2,2,0.8593695476055145
TRAIN_0861,0.99462890625,0.9713138937950134,0.007924363948404789,0,3,0.028314106145252784
TRAIN_0862,2.471923828125,2.4329936504364014,0.018455887213349342,1,1,0.04037387856592735
TRAIN_0863,2.73388671875,2.6917288303375244,0.01911400631070137,1,0,0.04223019847770532
TRAIN_0864,23.635986328125,21.053001403808594,0.37669020891189575,3,0,0.95
TRAIN_0865,2.404541015625,2.339024782180786,0.017712034285068512,1,1,0.039762324601411825
TRAIN_0866,5.138916015625,4.773460388183594,0.06582978367805481,2,2,0.7962897108793259
TRAIN_0867,15.878173828125,13.414417266845703,0.28721144795417786,3,0,0.95
TRAIN_0868,1.267822265625,1.2408238649368286,0.010320860892534256,0,3,0.03064904560148716
TRAIN_0869,3.0439453125,2.997408390045166,0.02471780963242054,1,0,0.04555313344548146
TRAIN_0870,2.0263671875,1.9786838293075562,0.014429609291255474,1,2,0.03653829555337628
TRAIN_0871,8.5478515625,8.153088569641113,0.11221568286418915,2,1,0.8952340834736824
TRAIN_0872,1.727783203125,1.6986839771270752,0.012947618030011654,0,3,0.03425170169398189
TRAIN_0873,12.736572265625,11.552745819091797,0.17234450578689575,3,2,0.95
TRAIN_0874,11.499755859375,10.840023040771484,0.2015237957239151,3,1,0.95
TRAIN_0875,6.122314453125,5.672307014465332,0.1313386708498001,2,2,0.8613222014307975
TRAIN_0876,5.501953125,5.06056547164917,0.11685517430305481,2,2,0.8390867079496384
TRAIN_0877,1.76904296875,1.734023094177246,0.011998001486063004,0,3,0.03429831297695637
TRAIN_0878,2.621826171875,2.480178117752075,0.03312882035970688,1,1,0.7243157846033573
TRAIN_0879,1.984375,1.9450331926345825,0.012654486112296581,0,3,0.03585115092620254
TRAIN_0880,1.819091796875,1.7912875413894653,0.013782105408608913,0,3,0.035039921275029584
TRAIN_0881,1.80322265625,1.771068811416626,0.012448722496628761,0,3,0.03462564918150505
TRAIN_0882,14.214111328125,11.897058486938477,0.2516501843929291,3,1,0.95
TRAIN_0883,1.59716796875,1.5601214170455933,0.011753044091165066,0,3,0.03312396875148019
TRAIN_0884,1.76953125,1.7383571863174438,0.011917982250452042,0,3,0.03428281565010548
TRAIN_0885,3.732421875,3.37260103225708,0.05172596871852875,1,2,0.7589904046654702
TRAIN_0886,1.6318359375,1.6055552959442139,0.012849635444581509,0,3,0.03360518186415235
TRAIN_0887,7.133056640625,5.670862674713135,0.15359221398830414,2,2,0.8966091542840005
TRAIN_0888,2.304931640625,2.2642743587493896,0.01772020012140274,1,1,0.03911676902572314
TRAIN_0889,5.028076171875,4.61112642288208,0.11253984272480011,2,2,0.8268253752589226
TRAIN_0890,1.826904296875,1.788679599761963,0.012080470100045204,0,3,0.034693654286364714
TRAIN_0891,9.705810546875,8.817289352416992,0.13194207847118378,2,2,0.9316227605938912
TRAIN_0892,29.58349609375,24.56587791442871,0.45792534947395325,3,0,0.95
TRAIN_0893,4.91748046875,4.70652437210083,0.07602734863758087,1,0,0.7991100131869316
TRAIN_0894,1.011962890625,0.9884077906608582,0.008008466102182865,0,3,0.028446400879571836
TRAIN_0895,11.666748046875,11.056291580200195,0.17557629942893982,3,1,0.95
TRAIN_0896,2.182373046875,2.1376266479492188,0.017318470403552055,1,1,0.03822640123218298
TRAIN_0897,5.83154296875,5.551720142364502,0.08925911784172058,2,2,0.8261964703798295
TRAIN_0898,1.921142578125,1.880518913269043,0.01388335507363081,0,3,0.035726876274993026
TRAIN_0899,1.595458984375,1.5592265129089355,0.01176855806261301,0,3,0.03311648027971387
TRAIN_0900,3.873291015625,3.618649959564209,0.09135431796312332,1,2,0.7894771973788739
TRAIN_0901,5.05419921875,4.69551420211792,0.12615619599819183,2,2,0.8368662219643592
TRAIN_0902,8.739501953125,7.864226818084717,0.11819182336330414,2,2,0.9031545644402503
TRAIN_0903,2.456787109375,2.396395444869995,0.018681248649954796,1,1,0.04032807422926029
TRAIN_0904,1.01171875,0.9882461428642273,0.008652702905237675,0,3,0.028595135886222124
TRAIN_0905,1.446044921875,1.3888490200042725,0.014796228148043156,0,3,0.032851745226730907
TRAIN_0906,24.02734375,22.03130531311035,0.3238145709037781,3,0,0.95
TRAIN_0907,4.206298828125,3.685235023498535,0.06734198331832886,1,2,0.7791622154712677
TRAIN_0908,1.22119140625,1.1917279958724976,0.011604436673223972,0,3,0.030645446031043928
TRAIN_0909,18.490966796875,14.910443305969238,0.25063198804855347,3,0,0.95
TRAIN_0910,1.127197265625,1.097860336303711,0.00806643906980753,0,3,0.029208951342850925
TRAIN_0911,6.933837890625,6.207625865936279,0.14654071629047394,2,2,0.8877883402705193
TRAIN_0912,4.880859375,4.262548446655273,0.09361282736063004,1,2,0.8107057369649411
TRAIN_0913,2.692138671875,2.6539971828460693,0.019836630672216415,1,0,0.042127448524038005
TRAIN_0914,4.768798828125,4.543063640594482,0.06887133419513702,1,0,0.7912015110850334
TRAIN_0915,1.248046875,1.2127224206924438,0.01168037299066782,0,3,0.03083772505198916
TRAIN_0916,1.046142578125,1.0212361812591553,0.00864698737859726,0,3,0.028817557146151862
TRAIN_0917,5.296142578125,4.6351447105407715,0.09691974520683289,2,2,0.8211186019182205
TRAIN_0918,5.45166015625,4.7912163734436035,0.14318153262138367,2,2,0.8565344458818436
TRAIN_0919,6.470947265625,6.174686908721924,0.1041492447257042,2,1,0.8490879429876804
TRAIN_0920,2.7333984375,2.692476749420166,0.019283026456832886,1,0,0.042266462683677675
TRAIN_0921,2.10888671875,2.0570244789123535,0.014634556137025356,1,1,0.037122493437180916
TRAIN_0922,1.32080078125,1.2868187427520752,0.011377442628145218,0,3,0.031239941691358887
TRAIN_0923,17.720703125,14.89963150024414,0.2303960770368576,3,2,0.95
TRAIN_0924,10.7060546875,10.043780326843262,0.14182528853416443,3,0,0.95
TRAIN_0925,1.448974609375,1.384861946105957,0.015226536430418491,0,3,0.03297119346136848
TRAIN_0926,1.044677734375,1.021580696105957,0.008163604885339737,0,3,0.028695246413350105
TRAIN_0927,1.295654296875,1.2670546770095825,0.010701361112296581,0,3,0.03091873718922337
TRAIN_0928,1.289306640625,1.2582354545593262,0.011093292385339737,0,3,0.03096892805397511
TRAIN_0929,1.407470703125,1.3495864868164062,0.015183260664343834,0,3,0.032691320391992726
TRAIN_0930,5.180908203125,4.705935478210449,0.10424070060253143,2,2,0.8239962003827095
TRAIN_0931,6.36474609375,5.835377216339111,0.09380389004945755,2,2,0.8397752718627453
TRAIN_0932,1.21630859375,1.1898099184036255,0.010145308449864388,0,3,0.03027324449767669
TRAIN_0933,12.17626953125,11.514982223510742,0.15676604211330414,3,1,0.95
TRAIN_0934,1.822265625,1.7932177782058716,0.012974563986063004,0,3,0.0348721248259147
TRAIN_0935,2.356201171875,2.2965517044067383,0.017774907872080803,1,1,0.03946278612067303
TRAIN_0936,2.6044921875,2.569840431213379,0.019874190911650658,1,0,0.04156651043146849
TRAIN_0937,5.336669921875,4.8378376960754395,0.07488911598920822,2,2,0.8064874446690082
TRAIN_0938,2.309326171875,2.263962507247925,0.01769407093524933,1,1,0.03913923666874568
TRAIN_0939,1.277099609375,1.2502245903015137,0.010401696898043156,0,3,0.030728210070480905
TRAIN_0940,1.77099609375,1.7366997003555298,0.012091085314750671,0,3,0.03433272784948349
TRAIN_0941,4.881103515625,4.404797554016113,0.08403989672660828,1,1,0.8040094462633133
TRAIN_0942,6.04638671875,5.45274543762207,0.15329255163669586,2,2,0.8752093271613121
TRAIN_0943,3.998779296875,3.8131091594696045,0.06266412138938904,1,0,0.7718410812616349
TRAIN_0944,4.714111328125,4.379462242126465,0.07294905185699463,1,1,0.7929895071983337
TRAIN_0945,6.712890625,6.19932746887207,0.09676460921764374,2,2,0.8486365936398507
TRAIN_0946,5.420654296875,4.978344917297363,0.1352098137140274,2,2,0.8503496283888817
TRAIN_0947,2.415283203125,2.367852210998535,0.018047627061605453,1,1,0.039910453801353774
TRAIN_0948,4.8212890625,4.178450584411621,0.08407092839479446,1,2,0.8028647865951062
TRAIN_0949,2.441162109375,2.3805744647979736,0.017363378778100014,1,1,0.03991900875916084
TRAIN_0950,8.324462890625,7.919995307922363,0.0980718582868576,2,1,0.8809773271679878
TRAIN_0951,3.3359375,2.719069242477417,0.06591796875,1,0,0.761193359375
TRAIN_0952,5.677734375,5.340496063232422,0.08625675737857819,2,1,0.8210955504775048
TRAIN_0953,16.39501953125,13.891225814819336,0.2753947079181671,3,0,0.95
TRAIN_0954,1.021728515625,0.9989132285118103,0.008037043735384941,0,3,0.028516545556485653
TRAIN_0955,4.887939453125,3.9819564819335938,0.08775100111961365,1,2,0.8067405201196671
TRAIN_0956,18.552978515625,17.324819564819336,0.2905036509037018,3,0,0.95
TRAIN_0957,2.359619140625,2.3136661052703857,0.018353821709752083,1,1,0.03962008281300465
TRAIN_0958,5.867431640625,5.5261712074279785,0.08731742203235626,2,2,0.825537112414837
TRAIN_0959,20.685791015625,19.842195510864258,0.3414555788040161,3,0,0.95
TRAIN_0960,2.432373046875,2.3907384872436523,0.018558770418167114,1,1,0.04014080456892649
TRAIN_0961,2.326904296875,2.281118631362915,0.017534032464027405,1,1,0.0392161521712939
TRAIN_0962,2.99169921875,2.756204843521118,0.029202157631516457,1,1,0.7287796451076866
TRAIN_0963,5.928466796875,5.322640419006348,0.15824231505393982,2,2,0.8763747230768204
TRAIN_0964,8.7080078125,8.079448699951172,0.13148483633995056,2,1,0.9118455377817154
TRAIN_0965,2.08447265625,2.036278247833252,0.014521876350045204,1,1,0.03693751008063555
TRAIN_0966,1.130859375,1.1010823249816895,0.007943959906697273,0,3,0.029204176582396033
TRAIN_0967,1.279541015625,1.2433772087097168,0.011549729853868484,0,3,0.031011953567465146
TRAIN_0968,2.495361328125,2.4382855892181396,0.019032353535294533,1,1,0.040660731124381226
TRAIN_0969,2.737548828125,2.675737142562866,0.020491482689976692,1,0,0.042575413343807066
TRAIN_0970,1.959228515625,1.9206950664520264,0.012742671184241772,0,3,0.03570827529455225
TRAIN_0971,5.43408203125,4.876873970031738,0.13722418248653412,2,2,0.852021527349949
TRAIN_0972,1.80810546875,1.7741323709487915,0.011978404596447945,0,3,0.03454764661937952
TRAIN_0973,1.442626953125,1.3872151374816895,0.014637822285294533,0,3,0.032792567061881224
TRAIN_0974,15.925537109375,13.802159309387207,0.18018803000450134,3,2,0.95
TRAIN_0975,1.009521484375,0.9805871248245239,0.008507361635565758,0,3,0.028546940696736176
TRAIN_0976,8.052001953125,7.598821640014648,0.10119587928056717,2,1,0.8778511535823346
TRAIN_0977,1.48828125,1.4334402084350586,0.014583932235836983,0,3,0.0330767456466953
TRAIN_0978,4.443603515625,3.9819164276123047,0.06740240752696991,1,1,0.7838319538235665
TRAIN_0979,2.306396484375,2.2584617137908936,0.01764671318233013,1,1,0.03910914355764787
TRAIN_0980,18.70751953125,16.871234893798828,0.271908164024353,3,0,0.95
TRAIN_0981,2.486572265625,2.4366958141326904,0.0183677040040493,1,1,0.040448517327507344
TRAIN_0982,16.058837890625,15.250655174255371,0.2946099638938904,3,0,0.95
TRAIN_0983,2.88037109375,2.769035577774048,0.05238327011466026,1,1,0.7428355254083872
TRAIN_0984,1.005859375,0.9806532859802246,0.00855227094143629,0,3,0.028533615823835137
TRAIN_0985,1.974365234375,1.9422105550765991,0.012776965275406837,0,3,0.03581466592103243
TRAIN_0986,2.0654296875,2.0276851654052734,0.012598962523043156,1,1,0.03636505089079341
TRAIN_0987,1.380615234375,1.3150018453598022,0.01458883099257946,0,3,0.03237805958837271
TRAIN_0988,1.60693359375,1.5752328634262085,0.012647137977182865,0,3,0.03339606722071767
TRAIN_0989,1.01318359375,0.9890928864479065,0.008525324985384941,0,3,0.028574935855964823
TRAIN_0990,2.277587890625,2.230665445327759,0.017775723710656166,1,1,0.03895199015488228
TRAIN_0991,2.163330078125,2.1210415363311768,0.012734505347907543,1,1,0.03703303008899093
TRAIN_0992,13.9208984375,12.896247863769531,0.20533369481563568,3,1,0.95
TRAIN_0993,2.333251953125,2.284900665283203,0.017670392990112305,1,1,0.03928922939300537
TRAIN_0994,6.671142578125,6.30755090713501,0.10673272609710693,2,1,0.8548001885414124
TRAIN_0995,1.59228515625,1.5615168809890747,0.011892669834196568,0,3,0.03312480981027087
TRAIN_0996,0.99853515625,0.9746436476707458,0.008532674051821232,0,3,0.028481435794383288
TRAIN_0997,1.05810546875,1.0343283414840698,0.008248523809015751,0,3,0.028802341102312008
TRAIN_0998,5.348876953125,4.829442024230957,0.09268607199192047,2,2,0.8191833509802818
TRAIN_0999,2.8837890625,2.83671236038208,0.024310363456606865,1,0,0.04441704704612494
TRAIN_1000,1.024658203125,0.9995794892311096,0.00806643906980753,0,3,0.028542447436600924
