id,hard_label,soft_unstable_prob,soft_stable_prob,mean_diff,changed_ratio
TRAIN_0001,unstable,0.999300835226066,0.0006991647739339468,6.143602159288195,0.04354519314236111
TRAIN_0002,unstable,0.9999999999999838,1.6209256159527285e-14,13.40264892578125,0.10686577690972222
TRAIN_0003,unstable,0.8394486579332556,0.16055134206674437,4.481126573350695,0.027438693576388888
TRAIN_0004,unstable,0.9218180360630497,0.07818196393695032,4.722154405381945,0.030917697482638888
TRAIN_0005,stable,0.0007631055174663467,0.9992368944825336,1.8633694118923612,0.003241644965277778
TRAIN_0006,unstable,0.013752155600742917,0.9862478443992571,2.7247992621527777,0.0113525390625
TRAIN_0007,unstable,1.0,0.0,16.884446885850693,0.1534966362847222
TRAIN_0008,unstable,0.9999999999984155,1.5845103007450234e-12,12.045369466145834,0.1052517361111111
TRAIN_0009,unstable,0.8164741270200391,0.18352587297996092,4.433152940538195,0.027201334635416668
TRAIN_0010,stable,0.008649102527742652,0.9913508974722574,2.5872802734375,0.013231065538194444
TRAIN_0011,unstable,0.9993341098013078,0.0006658901986922316,6.158779568142361,0.0462646484375
TRAIN_0012,stable,0.07928361175585757,0.9207163882441425,3.2698228624131946,0.027459038628472224
TRAIN_0013,unstable,0.9997743633771554,0.00022563662284458275,6.479437934027778,0.05133056640625
TRAIN_0014,unstable,0.9975824066200473,0.0024175933799527316,5.780110677083333,0.03489854600694445
TRAIN_0015,unstable,0.994837407664183,0.005162592335816951,5.550075954861111,0.03298611111111111
TRAIN_0016,unstable,0.6293246301891426,0.37067536981085736,4.150092230902778,0.024081759982638888
TRAIN_0017,stable,0.007083073817127611,0.9929169261828724,2.5314398871527777,0.012668185763888888
TRAIN_0018,unstable,1.0,0.0,19.9617919921875,0.16212293836805555
TRAIN_0019,unstable,0.999690671035862,0.0003093289641380448,6.387797037760417,0.04667833116319445
TRAIN_0020,stable,0.019614986441197076,0.9803850135588029,2.8356865776909723,0.018798828125
TRAIN_0021,unstable,0.9999999847410161,1.5258983854238295e-08,9.327195909288195,0.08238389756944445
TRAIN_0022,stable,0.0011245496176567494,0.9988754503823433,1.9781833224826388,0.006490071614583333
TRAIN_0023,stable,0.012523727638607766,0.9874762723613922,2.7025010850694446,0.015916612413194444
TRAIN_0024,stable,0.056985841906708384,0.9430141580932916,3.1641710069444446,0.025444878472222224
TRAIN_0025,stable,0.0012808913156834119,0.9987191086843166,2.0164998372395835,0.004937065972222222
TRAIN_0026,stable,0.018721337256342143,0.9812786627436578,2.822238498263889,0.01910400390625
TRAIN_0027,stable,0.22504271460002037,0.7749572853999797,3.6371392144097223,0.033928765190972224
TRAIN_0028,unstable,0.9975475266490416,0.0024524733509584395,5.772006564670139,0.03570556640625
TRAIN_0029,unstable,0.9999999999999849,1.509903313490213e-14,13.422993977864584,0.10930718315972222
TRAIN_0030,unstable,0.9278934297911272,0.07210657020887279,4.748914930555555,0.030463324652777776
TRAIN_0031,stable,0.019813564394088035,0.980186435605912,2.8387518988715277,0.018174913194444444
TRAIN_0032,stable,0.2295724317122181,0.7704275682877819,3.65228271484375,0.03543429904513889
TRAIN_0033,unstable,0.9999999999981617,1.838307284174334e-12,12.00222439236111,0.10563829210069445
TRAIN_0034,unstable,0.9279488804568891,0.07205111954311094,4.748250325520833,0.027018229166666668
TRAIN_0035,stable,0.0012437124167280697,0.998756287583272,2.0091010199652777,0.007127549913194444
TRAIN_0036,stable,0.0035444429150424174,0.9964555570849576,2.3202311197916665,0.011176215277777778
TRAIN_0037,unstable,1.0,0.0,15.784912109375,0.13383653428819445
TRAIN_0038,unstable,0.9959468733726626,0.004053126627337367,5.622782389322917,0.03419325086805555
TRAIN_0039,unstable,0.7148275600435462,0.2851724399564538,4.262702094184028,0.025166829427083332
TRAIN_0040,stable,0.0023681696346436166,0.9976318303653564,2.1994425455729165,0.006754557291666667
TRAIN_0041,stable,0.003489088874924164,0.9965109111250758,2.324367947048611,0.01092529296875
TRAIN_0042,stable,0.045268717304530436,0.9547312826954696,3.092251247829861,0.023668077256944444
TRAIN_0043,stable,0.024664078979020062,0.97533592102098,2.903286404079861,0.018954806857638888
TRAIN_0044,unstable,0.6046695262749671,0.39533047372503294,4.111551920572917,0.03847927517361111
TRAIN_0045,stable,0.006592304015180671,0.9934076959848194,2.5093858506944446,0.011834038628472222
TRAIN_0046,stable,0.0007696839937780235,0.999230316006222,1.8659328884548612,0.003872341579861111
TRAIN_0047,unstable,1.0,0.0,20.570081922743057,0.16375732421875
TRAIN_0048,stable,0.397810847643031,0.602189152356969,3.875522189670139,0.038384331597222224
TRAIN_0049,stable,0.022615776869494886,0.9773842231305051,2.8745930989583335,0.019395616319444444
TRAIN_0050,unstable,0.9882621856958311,0.01173781430416887,5.304857042100695,0.034586588541666664
TRAIN_0051,unstable,1.0,0.0,16.870279947916668,0.15814208984375
TRAIN_0052,unstable,0.9965842989331674,0.0034157010668326437,5.673862033420139,0.033447265625
TRAIN_0053,stable,0.002215866462442283,0.9977841335375577,2.1790703667534723,0.007737901475694444
TRAIN_0054,unstable,0.985093955289974,0.01490604471002599,5.232760959201389,0.030707465277777776
TRAIN_0055,stable,0.020972915710444243,0.9790270842895558,2.8564046223958335,0.018439398871527776
TRAIN_0056,stable,0.00233023886222261,0.9976697611377774,2.1942816840277777,0.00885009765625
TRAIN_0057,unstable,1.0,0.0,16.28561740451389,0.1275702582465278
TRAIN_0058,stable,0.0261956720158285,0.9738043279841715,2.9202473958333335,0.020229763454861112
TRAIN_0059,stable,0.03710858232906876,0.9628914176709312,3.0155571831597223,0.024088541666666668
TRAIN_0060,unstable,0.9998315047308157,0.0001684952691842767,6.5665283203125,0.04420301649305555
TRAIN_0061,stable,0.1790345822672295,0.8209654177327705,3.559848361545139,0.03317599826388889
TRAIN_0062,stable,0.002906351169769696,0.9970936488302303,2.261447482638889,0.010606553819444444
TRAIN_0063,stable,0.009363934079740226,0.9906360659202598,2.6165228949652777,0.014133029513888888
TRAIN_0064,stable,0.024176109555855252,0.9758238904441447,2.8939683702256946,0.021369086371527776
TRAIN_0065,unstable,0.9983571081299013,0.001642891870098695,5.888814290364583,0.032511393229166664
TRAIN_0066,unstable,1.0,0.0,26.761820475260418,0.2301093207465278
TRAIN_0067,unstable,0.31036956285105977,0.6896304371489402,3.7542928059895835,0.019700792100694444
TRAIN_0068,unstable,0.9989435286783053,0.0010564713216947297,6.02398681640625,0.04084608289930555
TRAIN_0069,stable,0.011499546699527347,0.9885004533004726,2.6820746527777777,0.017550998263888888
TRAIN_0070,unstable,0.9999999999921805,7.819522807039903e-12,11.574171278211805,0.09969075520833333
TRAIN_0071,stable,0.0031698215136721423,0.9968301784863278,2.292995876736111,0.009446885850694444
TRAIN_0072,unstable,0.9638926424210044,0.036107357578995636,4.963792588975695,0.027737087673611112
TRAIN_0073,unstable,0.9999999999964773,3.5227376571356217e-12,11.81002468532986,0.10731336805555555
TRAIN_0074,unstable,0.9997745155723956,0.00022548442760439436,6.480143229166667,0.044209798177083336
TRAIN_0075,stable,0.0067261254538197954,0.9932738745461802,2.5168253580729165,0.012613932291666666
TRAIN_0076,stable,0.12940170179894123,0.8705982982010587,3.432766384548611,0.028544108072916668
TRAIN_0077,unstable,0.9999999999997462,2.537969834293108e-13,12.58843994140625,0.10120985243055555
TRAIN_0078,stable,0.0057330114425533886,0.9942669885574467,2.4697401258680554,0.01080322265625
TRAIN_0079,unstable,1.0,0.0,16.06402587890625,0.1422051323784722
TRAIN_0080,stable,0.010661579953872334,0.9893384200461277,2.6537407769097223,0.014851888020833334
TRAIN_0081,unstable,0.9999999998182514,1.817486161570514e-10,10.641852484809029,0.0924411349826389
TRAIN_0082,stable,0.5147958783294189,0.48520412167058113,4.018222384982639,0.041266547309027776
TRAIN_0083,stable,0.30268461046070416,0.6973153895392958,3.751953125,0.036797417534722224
TRAIN_0084,stable,0.002041406732724679,0.9979585932672753,2.1557752821180554,0.007486979166666667
TRAIN_0085,stable,0.021905286108417285,0.9780947138915828,2.8671739366319446,0.018764919704861112
TRAIN_0086,stable,0.02808677242582231,0.9719132275741776,2.9429389105902777,0.018785264756944444
TRAIN_0087,unstable,0.9962161804789381,0.003783819521061882,5.645222981770833,0.036858452690972224
TRAIN_0088,unstable,0.9999999999999891,1.0880185641326534e-14,13.523383246527779,0.1153835720486111
TRAIN_0089,unstable,0.9999999965794895,3.4205105414741865e-09,9.77276611328125,0.08190239800347222
TRAIN_0090,stable,0.007155477698945395,0.9928445223010546,2.5345865885416665,0.0128173828125
TRAIN_0091,stable,0.03734368325424785,0.9626563167457521,3.0316297743055554,0.022257486979166668
TRAIN_0092,stable,0.0018778975287637905,0.9981221024712362,2.1316392686631946,0.007670084635416667
TRAIN_0093,unstable,1.0,0.0,25.43707953559028,0.22662353515625
TRAIN_0094,stable,0.000724502261321222,0.9992754977386787,1.8477715386284723,0.0033433702256944445
TRAIN_0095,unstable,0.9999999995739906,4.2600944993864687e-10,10.388481987847221,0.08801947699652778
TRAIN_0096,stable,0.023983967959720808,0.9760160320402792,2.8936767578125,0.020534939236111112
TRAIN_0097,unstable,0.22636808168784964,0.7736319183121504,3.6343519422743054,0.027635362413194444
TRAIN_0098,stable,0.0022848664093739917,0.997715133590626,2.1881578233506946,0.00830078125
TRAIN_0099,stable,0.0008354507641002751,0.9991645492358997,1.8915676540798612,0.004876030815972222
TRAIN_0100,unstable,0.6321345931262022,0.36786540687379776,4.149746365017361,0.03451199001736111
TRAIN_0101,unstable,0.9999999999999964,3.552713678800501e-15,13.85586208767361,0.11859130859375
TRAIN_0102,stable,0.0007645120269689005,0.9992354879730311,1.8637288411458333,0.004007975260416667
TRAIN_0103,unstable,0.9995785542105428,0.0004214457894572421,6.294826931423611,0.04412841796875
TRAIN_0104,stable,0.29364895670136815,0.7063510432986319,3.7387152777777777,0.03487820095486111
TRAIN_0105,unstable,0.9999999983527319,1.6472680997026146e-09,9.98788113064236,0.08514404296875
TRAIN_0106,unstable,0.9999999999999849,1.509903313490213e-14,13.42385525173611,0.11522081163194445
TRAIN_0107,unstable,0.2943090047916664,0.7056909952083337,3.7313639322916665,0.020439995659722224
TRAIN_0108,unstable,0.9240057664198205,0.07599423358017954,4.731309678819445,0.028700086805555556
TRAIN_0109,stable,0.003103624323350287,0.9968963756766497,2.2859632703993054,0.009372287326388888
TRAIN_0110,unstable,0.9719939182420321,0.028006081757967927,5.041897243923611,0.030008951822916668
TRAIN_0111,unstable,0.9974208032501526,0.002579196749847412,5.757466634114583,0.04012722439236111
TRAIN_0112,unstable,0.9999999741353567,2.5864643315998137e-08,9.171122233072916,0.07530381944444445
TRAIN_0113,unstable,0.9994861491037046,0.0005138508962954091,6.237596299913195,0.03802490234375
TRAIN_0114,unstable,0.9998018469836858,0.00019815301631420645,6.525058322482639,0.042975531684027776
TRAIN_0115,stable,0.327181179640051,0.672818820359949,3.7836100260416665,0.037665473090277776
TRAIN_0116,stable,0.3716629777586444,0.6283370222413556,3.8417290581597223,0.038397894965277776
TRAIN_0117,stable,0.3035495904387396,0.6964504095612605,3.752536349826389,0.03785536024305555
TRAIN_0118,unstable,0.9365165747003588,0.06348342529964124,4.793748643663195,0.028279622395833332
TRAIN_0119,unstable,0.9999999999999807,1.9317880628477724e-14,13.3521728515625,0.11214192708333333
TRAIN_0120,stable,0.2295372953477837,0.7704627046522163,3.646572536892361,0.03587510850694445
TRAIN_0121,unstable,0.9810407157280072,0.018959284271992782,5.160637749565972,0.029696994357638888
TRAIN_0122,stable,0.013183964447489179,0.9868160355525109,2.7204047309027777,0.018358018663194444
TRAIN_0123,unstable,1.0,0.0,25.577250162760418,0.2306857638888889
TRAIN_0124,stable,0.01449800432221641,0.9855019956777836,2.7497762044270835,0.017869737413194444
TRAIN_0125,stable,0.0031418326488545623,0.9968581673511454,2.2837999131944446,0.009318033854166666
TRAIN_0126,unstable,0.9999999990883164,9.116836174882792e-10,10.160386827256945,0.07427978515625
TRAIN_0127,unstable,0.9999978510635669,2.148936433132853e-06,7.859171549479167,0.05598280164930555
TRAIN_0128,stable,0.17307199346119934,0.8269280065388007,3.5474107530381946,0.03616672092013889
TRAIN_0129,unstable,0.9981400269512961,0.001859973048703889,5.853746202256945,0.036248101128472224
TRAIN_0130,unstable,1.0,0.0,19.64816623263889,0.1581081814236111
TRAIN_0131,unstable,0.9999999999865843,1.3415712984965467e-11,11.411933051215279,0.10500081380208333
TRAIN_0132,unstable,0.9999879883819073,1.201161809272211e-05,7.349711100260417,0.050577799479166664
TRAIN_0133,stable,0.3901997620451748,0.6098002379548252,3.8667466905381946,0.0382080078125
TRAIN_0134,unstable,0.998612885037669,0.0013871149623310153,5.945048014322917,0.038309733072916664
TRAIN_0135,unstable,0.9965673967907129,0.003432603209287066,5.671888563368055,0.03474256727430555
TRAIN_0136,stable,0.0118467435663903,0.9881532564336097,2.6881103515625,0.016757541232638888
TRAIN_0137,stable,0.0007567235492218437,0.9992432764507782,1.8606770833333333,0.004265679253472222
TRAIN_0138,stable,0.02106037683665698,0.978939623163343,2.8576524522569446,0.019029405381944444
TRAIN_0139,stable,0.013198591558903572,0.9868014084410964,2.7197469075520835,0.017144097222222224
TRAIN_0140,stable,0.008202653599497787,0.9917973464005022,2.5725775824652777,0.014241536458333334
TRAIN_0141,stable,0.20142063924361212,0.7985793607563879,3.5972900390625,0.032511393229166664
TRAIN_0142,stable,0.0902634742131179,0.9097365257868821,3.3111640082465277,0.027791341145833332
TRAIN_0143,unstable,1.0,0.0,18.215474446614582,0.15541585286458334
TRAIN_0144,stable,0.019595354177908923,0.9804046458220911,2.835903591579861,0.019110785590277776
TRAIN_0145,unstable,0.06903644490421808,0.9309635550957819,3.2177056206597223,0.019334581163194444
TRAIN_0146,unstable,0.6396767470357602,0.36032325296423984,4.163160536024305,0.03582763671875
TRAIN_0147,unstable,0.9018040053880796,0.09819599461192041,4.654066297743055,0.050360785590277776
TRAIN_0148,stable,0.0018918535938823606,0.9981081464061177,2.1333821614583335,0.008138020833333334
TRAIN_0149,unstable,0.9980791124739781,0.0019208875260219305,5.850063747829861,0.03497314453125
TRAIN_0150,stable,0.08362188111728264,0.9163781188827174,3.2830742730034723,0.028150770399305556
TRAIN_0151,unstable,0.9299311388577323,0.07006886114226774,4.756564670138889,0.030687120225694444
TRAIN_0152,stable,0.0031568542962265916,0.9968431457037734,2.2912801106770835,0.009195963541666666
TRAIN_0153,unstable,0.9997585176886298,0.00024148231137022247,6.461785210503472,0.042365180121527776
TRAIN_0154,stable,0.13115691641763982,0.8688430835823602,3.4349907769097223,0.03150770399305555
TRAIN_0155,unstable,0.9866924604318141,0.013307539568185867,5.269972059461805,0.036370171440972224
TRAIN_0156,stable,0.000973144165637716,0.9990268558343622,1.9368489583333333,0.005472819010416667
TRAIN_0157,stable,0.08956839475620054,0.9104316052437995,3.3084513346354165,0.028076171875
TRAIN_0158,unstable,0.28671445016669905,0.713285549833301,3.7208997938368054,0.020263671875
TRAIN_0159,stable,0.005786651856149106,0.9942133481438509,2.4725477430555554,0.012118869357638888
TRAIN_0160,unstable,0.999416670094802,0.000583329905198049,6.213860405815972,0.049614800347222224
TRAIN_0161,unstable,0.9999999999997009,2.9909408283401717e-13,12.537428114149305,0.09973822699652778
TRAIN_0162,unstable,0.7046264267351884,0.2953735732648116,4.24884033203125,0.024542914496527776
TRAIN_0163,unstable,1.0,0.0,18.55756293402778,0.16862657335069445
TRAIN_0164,unstable,0.9996257374594459,0.00037426254055406005,6.330342610677083,0.04568142361111111
TRAIN_0165,unstable,0.6552052509988606,0.3447947490011394,4.186957465277778,0.03953721788194445
TRAIN_0166,unstable,0.999999999999911,8.903988657493755e-14,12.897928873697916,0.10847981770833333
TRAIN_0167,stable,0.0035859089963553334,0.9964140910036446,2.3238593207465277,0.009372287326388888
TRAIN_0168,unstable,0.9999999999903026,9.697354030890892e-12,11.50686984592014,0.08952501085069445
TRAIN_0169,stable,0.09348280268108367,0.9065171973189163,3.319179958767361,0.028550889756944444
TRAIN_0170,stable,0.014131531568275865,0.9858684684317242,2.743014865451389,0.016764322916666668
TRAIN_0171,stable,0.17606262617951093,0.823937373820489,3.555202907986111,0.03555636935763889
TRAIN_0172,stable,0.0345134854361401,0.9654865145638599,3.0062391493055554,0.020697699652777776
TRAIN_0173,stable,0.0028403570487916777,0.9971596429512083,2.253628200954861,0.009223090277777778
TRAIN_0174,unstable,0.009456357251180913,0.9905436427488191,2.6137491861979165,0.014723036024305556
TRAIN_0175,unstable,0.9999999283879075,7.161209247819045e-08,8.866685655381945,0.06837293836805555
TRAIN_0176,stable,0.08110968244082944,0.9188903175591705,3.2759535047743054,0.025960286458333332
TRAIN_0177,stable,0.0007668413009411425,0.9992331586990588,1.8663397894965277,0.004991319444444444
TRAIN_0178,stable,0.0021821633012572388,0.9978178366987428,2.1748589409722223,0.007887098524305556
TRAIN_0179,unstable,0.9988324405062114,0.0011675594937885503,5.992140028211805,0.03762478298611111
TRAIN_0180,unstable,1.0,0.0,17.468797471788193,0.15727403428819445
TRAIN_0181,stable,0.06395411055181084,0.9360458894481891,3.1858656141493054,0.023525661892361112
TRAIN_0182,unstable,1.0,0.0,16.96542019314236,0.1462944878472222
TRAIN_0183,stable,0.050769368439590686,0.9492306315604093,3.111233181423611,0.023213704427083332
TRAIN_0184,stable,0.0060761309536818894,0.9939238690463181,2.4867146809895835,0.010823567708333334
TRAIN_0185,unstable,0.996281062649116,0.0037189373508840218,5.647555881076389,0.03573269314236111
TRAIN_0186,stable,0.002235232846997122,0.9977647671530029,2.1822916666666665,0.007283528645833333
TRAIN_0187,stable,0.0008633141280486237,0.9991366858719514,1.9006754557291667,0.005642361111111111
TRAIN_0188,stable,0.001055048522294443,0.9989449514777056,1.9597100151909723,0.005927191840277778
TRAIN_0189,unstable,0.999266716804826,0.0007332831951739616,6.137403700086805,0.03792995876736111
TRAIN_0190,unstable,0.9960900787341571,0.003909921265842886,5.633402506510417,0.03436279296875
TRAIN_0191,unstable,0.9998542434833236,0.00014575651667636524,6.611212836371528,0.04521348741319445
TRAIN_0192,unstable,0.9448456649503725,0.05515433504962752,4.833279079861111,0.030632866753472224
TRAIN_0193,unstable,0.9999999999506155,4.938449649216636e-11,11.003092447916666,0.1040378146701389
TRAIN_0194,stable,0.005195892540322379,0.9948041074596776,2.4395209418402777,0.010871039496527778
TRAIN_0195,stable,0.010311303087008478,0.9896886969129916,2.6404893663194446,0.014275444878472222
TRAIN_0196,stable,0.0032536339439306872,0.9967463660560694,2.304470486111111,0.009162055121527778
TRAIN_0197,stable,0.19911232921090943,0.8008876707890906,3.5998467339409723,0.035359700520833336
TRAIN_0198,stable,0.2320638976371614,0.7679361023628386,3.654758029513889,0.036275227864583336
TRAIN_0199,unstable,1.0,0.0,16.922892252604168,0.157958984375
TRAIN_0200,stable,0.024788975491745368,0.9752110245082546,2.9046156141493054,0.020867241753472224
TRAIN_0201,stable,0.002992654884426026,0.997007345115574,2.277133517795139,0.009453667534722222
TRAIN_0202,unstable,0.9999999999996037,3.963496197911809e-13,12.456461588541666,0.10650634765625
TRAIN_0203,unstable,0.9999999999499865,5.001354885791898e-11,11.02280002170139,0.09543863932291667
TRAIN_0204,unstable,1.0,0.0,15.404541015625,0.13419596354166666
TRAIN_0205,unstable,0.16696777670230048,0.8330322232976995,3.5304158528645835,0.03286404079861111
TRAIN_0206,unstable,0.999428811818154,0.000571188181845983,6.205105251736111,0.04703097873263889
TRAIN_0207,stable,0.22921889723056868,0.7707811027694313,3.6498887803819446,0.03529188368055555
TRAIN_0208,unstable,0.9950655457306463,0.004934454269353683,5.57623291015625,0.03532579210069445
TRAIN_0209,stable,0.019787205387250543,0.9802127946127495,2.8383721245659723,0.019178602430555556
TRAIN_0210,unstable,0.9999999980233989,1.976601105013742e-09,9.933024088541666,0.0827907986111111
TRAIN_0211,stable,0.3147180665852795,0.6852819334147204,3.775844997829861,0.037848578559027776
TRAIN_0212,stable,0.019054580638787937,0.980945419361212,2.8255140516493054,0.015726725260416668
TRAIN_0213,unstable,0.9992466437350623,0.0007533562649376657,6.119594997829861,0.042229546440972224
TRAIN_0214,unstable,0.9999426514102411,5.734858975892099e-05,6.885199652777778,0.04526095920138889
TRAIN_0215,unstable,0.9081682599216907,0.0918317400783093,4.669379340277778,0.025037977430555556
TRAIN_0216,stable,0.21895436381656802,0.7810456361834319,3.630588107638889,0.03394911024305555
TRAIN_0217,unstable,0.9999999999999925,7.549516567451064e-15,13.63235812717014,0.11833360460069445
TRAIN_0218,stable,0.04441226022859916,0.9555877397714009,3.0714857313368054,0.025363498263888888
TRAIN_0219,unstable,0.9999596203413684,4.0379658631573e-05,6.988511827256945,0.04439968532986111
TRAIN_0220,unstable,0.9999700054093706,2.9994590629356388e-05,7.077616373697917,0.049675835503472224
TRAIN_0221,stable,0.002906210399889759,0.9970937896001102,2.2607489691840277,0.010050455729166666
TRAIN_0222,unstable,0.9999649480888103,3.5051911189687424e-05,7.030565049913195,0.050482855902777776
TRAIN_0223,unstable,0.21761488399697462,0.7823851160030254,3.615207248263889,0.03285047743055555
TRAIN_0224,stable,0.19942394115145884,0.8005760588485411,3.591213650173611,0.034220377604166664
TRAIN_0225,unstable,0.9993991542097094,0.0006008457902906272,6.190450032552083,0.04350450303819445
TRAIN_0226,stable,0.001209431185777961,0.998790568814222,2.000088161892361,0.005601671006944444
TRAIN_0227,unstable,1.0,0.0,16.083665635850693,0.14739990234375
TRAIN_0228,stable,0.20250732857162346,0.7974926714283765,3.6000162760416665,0.031134711371527776
TRAIN_0229,unstable,1.0,0.0,16.872694227430557,0.13360595703125
TRAIN_0230,unstable,0.9999999979164607,2.0835393410578718e-09,9.915839301215279,0.07160780164930555
TRAIN_0231,stable,0.19353636207617286,0.8064636379238271,3.59295654296875,0.03414577907986111
TRAIN_0232,unstable,0.9988790700177855,0.0011209299822144692,6.00701904296875,0.042643229166666664
TRAIN_0233,unstable,0.9989235294374166,0.0010764705625834203,6.01580810546875,0.035590277777777776
TRAIN_0234,unstable,0.9999999999996398,3.601563491884008e-13,12.485283745659721,0.1093410915798611
TRAIN_0235,stable,0.0073032675480602174,0.9926967324519398,2.5422295464409723,0.012932671440972222
TRAIN_0236,stable,0.048964820282980576,0.9510351797170195,3.1181844075520835,0.023200141059027776
TRAIN_0237,stable,0.002874630550449303,0.9971253694495507,2.263882107204861,0.009141710069444444
TRAIN_0238,unstable,0.9999721913693254,2.7808630674641677e-05,7.100714789496528,0.04694959852430555
TRAIN_0239,stable,0.042926519459284565,0.9570734805407154,3.076904296875,0.022196451822916668
TRAIN_0240,stable,0.5654158137308466,0.4345841862691534,4.079861111111111,0.04283311631944445
TRAIN_0241,stable,0.002400717449072215,0.9975992825509278,2.2024061414930554,0.008890787760416666
TRAIN_0242,stable,0.34643388804567626,0.6535661119543237,3.8113810221354165,0.036783854166666664
TRAIN_0243,unstable,0.9889810041860204,0.011018995813979582,5.324503580729167,0.03236219618055555
TRAIN_0244,unstable,0.996949310089068,0.0030506899109320473,5.7061767578125,0.034423828125
TRAIN_0245,stable,0.24333406922019785,0.7566659307798022,3.6695556640625,0.0347900390625
TRAIN_0246,stable,0.5964196796171201,0.40358032038287994,4.112101236979167,0.04361300998263889
TRAIN_0247,stable,0.012897113538225488,0.9871028864617745,2.7160576714409723,0.016316731770833332
TRAIN_0248,stable,0.0025002210907073994,0.9974997789092926,2.2150132921006946,0.00689697265625
TRAIN_0249,stable,0.13238728389705343,0.8676127161029465,3.43756103515625,0.03125
TRAIN_0250,stable,0.40488607172741503,0.595113928272585,3.883938259548611,0.03860812717013889
TRAIN_0251,stable,0.002481426235730174,0.9975185737642698,2.2127210828993054,0.009114583333333334
TRAIN_0252,unstable,0.9171480520382964,0.08285194796170359,4.706136067708333,0.028516981336805556
TRAIN_0253,unstable,0.9999924788233108,7.5211766892291365e-06,7.488057454427083,0.051032172309027776
TRAIN_0254,unstable,0.9967675028863291,0.003232497113670907,5.691155327690972,0.03553602430555555
TRAIN_0255,stable,0.012541553353136049,0.987458446646864,2.7082316080729165,0.017415364583333332
TRAIN_0256,stable,0.0008566617162083229,0.9991433382837916,1.8987223307291667,0.005154079861111111
TRAIN_0257,unstable,0.9986938249285094,0.0013061750714905562,5.957845052083333,0.036492241753472224
TRAIN_0258,unstable,0.9996871906345643,0.0003128093654356512,6.385762532552083,0.04146999782986111
TRAIN_0259,unstable,0.9020255315685701,0.09797446843142987,4.650763617621528,0.028272840711805556
TRAIN_0260,stable,0.002656917160863448,0.9973430828391365,2.2333170572916665,0.008951822916666666
TRAIN_0261,unstable,1.0,0.0,21.28378634982639,0.1880832248263889
TRAIN_0262,stable,0.0032815990700076542,0.9967184009299923,2.307712131076389,0.010823567708333334
TRAIN_0263,stable,0.1673904634643452,0.8326095365356548,3.5287000868055554,0.03304714626736111
TRAIN_0264,stable,0.018752448039954923,0.9812475519600451,2.820156521267361,0.019131130642361112
TRAIN_0265,stable,0.0010809628145247102,0.9989190371854753,1.9665662977430556,0.005744086371527778
TRAIN_0266,unstable,0.9999942851508472,5.714849152793633e-06,7.5721435546875,0.053887261284722224
TRAIN_0267,unstable,0.6348730961389993,0.36512690386100066,4.1552734375,0.024278428819444444
TRAIN_0268,stable,0.022596894454720403,0.9774031055452796,2.875400119357639,0.019938151041666668
TRAIN_0269,unstable,0.7833923069385808,0.21660769306141925,4.37225341796875,0.030524359809027776
TRAIN_0270,stable,0.005966551075331598,0.9940334489246684,2.480502658420139,0.011088053385416666
TRAIN_0271,unstable,0.9807797893678177,0.019220210632182266,5.155632866753472,0.030388726128472224
TRAIN_0272,stable,0.08057512408953967,0.9194248759104603,3.272854275173611,0.0263671875
TRAIN_0273,unstable,0.9999815294004146,1.8470599585374003e-05,7.221584743923611,0.05174424913194445
TRAIN_0274,stable,0.002824835185746875,0.9971751648142532,2.2533365885416665,0.010484483506944444
TRAIN_0275,unstable,1.0,0.0,17.486531575520832,0.1463351779513889
TRAIN_0276,stable,0.0020027431775341705,0.9979972568224659,2.1493326822916665,0.007222493489583333
TRAIN_0277,stable,0.05870953270495919,0.9412904672950408,3.1575724283854165,0.026095920138888888
TRAIN_0278,unstable,1.0,0.0,24.684617784288193,0.21343994140625
TRAIN_0279,stable,0.012881614689480129,0.9871183853105199,2.711941189236111,0.012647840711805556
TRAIN_0280,unstable,0.9996336043502642,0.00036639564973584005,6.342441134982639,0.04202609592013889
TRAIN_0281,unstable,0.9999999999811884,1.8811618929248652e-11,11.31243896484375,0.0955471462673611
TRAIN_0282,unstable,0.9999999975745888,2.425411205209116e-09,9.872456868489584,0.08265516493055555
TRAIN_0283,stable,0.19747768644534974,0.8025223135546502,3.5925225151909723,0.03480360243055555
TRAIN_0284,stable,0.0024827459391612086,0.9975172540608388,2.2143690321180554,0.0072021484375
TRAIN_0285,stable,0.019851841259561576,0.9801481587404384,2.8357137044270835,0.019246419270833332
TRAIN_0286,unstable,0.998057390754326,0.0019426092456740207,5.840549045138889,0.03371853298611111
TRAIN_0287,stable,0.006740131529782119,0.9932598684702179,2.5185343424479165,0.011691623263888888
TRAIN_0288,stable,0.0027115731993285937,0.9972884268006714,2.2474229600694446,0.0081787109375
TRAIN_0289,stable,0.001124943041614576,0.9988750569583854,1.9785224066840277,0.006178114149305556
TRAIN_0290,unstable,0.9999914082716451,8.591728354878647e-06,7.449130588107639,0.05180528428819445
TRAIN_0291,unstable,0.9999518783298628,4.812167013723556e-05,6.944247775607639,0.04326036241319445
TRAIN_0292,unstable,0.007735740313217291,0.9922642596867827,2.5572374131944446,0.012742784288194444
TRAIN_0293,unstable,0.9773611075668331,0.022638892433166857,5.107991536458333,0.027872721354166668
TRAIN_0294,stable,0.256502880466461,0.7434971195335389,3.6900092230902777,0.03563096788194445
TRAIN_0295,stable,0.0012477298647213593,0.9987522701352787,2.009067111545139,0.006056043836805556
TRAIN_0296,stable,0.08572876257789551,0.9142712374221045,3.2930772569444446,0.026746961805555556
TRAIN_0297,unstable,0.4895472256386365,0.5104527743613635,3.9830254448784723,0.03793674045138889
TRAIN_0298,stable,0.0036307436363460788,0.9963692563636539,2.335232204861111,0.010586208767361112
TRAIN_0299,stable,0.003903875580449524,0.9960961244195504,2.3486260308159723,0.010776095920138888
TRAIN_0300,stable,0.010150636337930353,0.9898493636620697,2.6395941840277777,0.015584309895833334
TRAIN_0301,stable,0.0770163267265495,0.9229836732734505,3.2582872178819446,0.025980631510416668
TRAIN_0302,stable,0.00366906696826331,0.9963309330317367,2.33721923828125,0.010260687934027778
TRAIN_0303,unstable,0.9999997585554431,2.414445569032253e-07,8.48012966579861,0.062201605902777776
TRAIN_0304,stable,0.005758902729773106,0.9942410972702269,2.470180935329861,0.011454264322916666
TRAIN_0305,unstable,0.39413866807433706,0.6058613319256629,3.8823988172743054,0.026265462239583332
TRAIN_0306,unstable,0.9999897093137229,1.0290686277114602e-05,7.394802517361111,0.049845377604166664
TRAIN_0307,stable,0.05014485711555079,0.9498551428844492,3.1110975477430554,0.024102105034722224
TRAIN_0308,unstable,0.9730303679970839,0.026969632002916133,5.054734971788195,0.035942925347222224
TRAIN_0309,unstable,0.9957350464554204,0.004264953544579564,5.617275661892361,0.035380045572916664
TRAIN_0310,unstable,1.0,0.0,15.346204969618055,0.12241617838541667
TRAIN_0311,unstable,1.0,0.0,26.59860568576389,0.23553466796875
TRAIN_0312,unstable,0.9978830387658825,0.0021169612341175315,5.815531412760417,0.03196885850694445
TRAIN_0313,unstable,1.0,0.0,15.820298936631945,0.138427734375
TRAIN_0314,unstable,0.9650299845730743,0.03497001542692568,4.974385579427083,0.030673556857638888
TRAIN_0315,stable,0.18868814176163215,0.8113118582383678,3.5740898980034723,0.03341335720486111
TRAIN_0316,stable,0.0038592080618929867,0.996140791938107,2.3523966471354165,0.009616427951388888
TRAIN_0317,stable,0.0026122842720557376,0.9973877157279443,2.2362603081597223,0.008144802517361112
TRAIN_0318,stable,0.2096124162488911,0.790387583751109,3.6144205729166665,0.03451199001736111
TRAIN_0319,unstable,0.9999999999999705,2.9531932455029164e-14,13.22787136501736,0.11830647786458333
TRAIN_0320,stable,0.09952770792604912,0.9004722920739509,3.33953857421875,0.027553982204861112
TRAIN_0321,stable,0.010438547149397206,0.9895614528506028,2.6441853841145835,0.013753255208333334
TRAIN_0322,stable,0.019411932341144283,0.9805880676588558,2.8313191731770835,0.017876519097222224
TRAIN_0323,stable,0.0006995921197652511,0.9993004078802348,1.83758544921875,0.003926595052083333
TRAIN_0324,unstable,0.9999820693965283,1.7930603471660866e-05,7.231472439236111,0.055914984809027776
TRAIN_0325,unstable,0.9999999999999998,2.220446049250313e-16,14.56905788845486,0.12262641059027778
TRAIN_0326,unstable,0.9999615981341347,3.840186586534511e-05,7.006693522135417,0.04873996310763889
TRAIN_0327,stable,0.0030470649332609975,0.996952935066739,2.2820027669270835,0.009101019965277778
TRAIN_0328,stable,0.08519653773816657,0.9148034622618334,3.2906494140625,0.028164333767361112
TRAIN_0329,unstable,0.9999999999999967,3.3306690738754696e-15,13.873087565104166,0.12672932942708334
TRAIN_0330,stable,0.006244240764604802,0.9937557592353952,2.4962158203125,0.012322319878472222
TRAIN_0331,unstable,0.9261862082104549,0.07381379178954506,4.740797254774305,0.030985514322916668
TRAIN_0332,stable,0.00270128777327329,0.9972987122267267,2.2379625108506946,0.008470323350694444
TRAIN_0333,unstable,1.0,0.0,24.907796223958332,0.22221544053819445
TRAIN_0334,unstable,0.8910129415882849,0.10898705841171508,4.613267686631945,0.025546603732638888
TRAIN_0335,stable,0.0008869645563615649,0.9991130354436384,1.9093967013888888,0.005405002170138889
TRAIN_0336,stable,0.0056770906009229296,0.9943229093990771,2.4677666558159723,0.011569552951388888
TRAIN_0337,unstable,0.9999999945483384,5.451661566624466e-09,9.632154676649305,0.0855441623263889
TRAIN_0338,unstable,0.9999999175586834,8.244131655121834e-08,8.82815890842014,0.07990180121527778
TRAIN_0339,unstable,0.9962970081769965,0.0037029918230034875,5.651611328125,0.03668212890625
TRAIN_0340,unstable,0.9998379395406909,0.00016206045930911017,6.577684190538195,0.046488444010416664
TRAIN_0341,unstable,0.9513815765065808,0.04861842349341916,4.871561686197917,0.024970160590277776
TRAIN_0342,stable,0.009736154289064566,0.9902638457109354,2.6252034505208335,0.013095431857638888
TRAIN_0343,stable,0.044373023921472105,0.9556269760785279,3.071499294704861,0.024149576822916668
TRAIN_0344,stable,0.0035858659916815088,0.9964141340083185,2.32373046875,0.01025390625
TRAIN_0345,stable,0.0030450022053157898,0.9969549977946842,2.2828369140625,0.009033203125
TRAIN_0346,stable,0.0182672239507444,0.9817327760492556,2.8170301649305554,0.017645941840277776
TRAIN_0347,unstable,0.6924040020721817,0.30759599792781833,4.230672200520833,0.022677951388888888
TRAIN_0348,unstable,1.0,0.0,17.4310302734375,0.14133707682291666
TRAIN_0349,stable,0.0009268559824039466,0.9990731440175961,1.9223158094618056,0.004353841145833333
TRAIN_0350,unstable,0.9997150902887139,0.00028490971128614095,6.411126030815972,0.04311794704861111
TRAIN_0351,stable,0.0031943644447065657,0.9968056355552934,2.2884589301215277,0.010823567708333334
TRAIN_0352,stable,0.002765509850947831,0.9972344901490522,2.2548624674479165,0.008097330729166666
TRAIN_0353,unstable,0.9961567142741904,0.0038432857258096087,5.640129937065972,0.037190755208333336
TRAIN_0354,stable,0.0007422230672671611,0.9992577769327329,1.8551161024305556,0.0033772786458333335
TRAIN_0355,stable,0.00334229169119219,0.9966577083088078,2.3097601996527777,0.011203342013888888
TRAIN_0356,stable,0.24351343241524318,0.7564865675847569,3.6778767903645835,0.036295572916666664
TRAIN_0357,stable,0.37684828527491965,0.6231517147250804,3.8498670789930554,0.04002549913194445
TRAIN_0358,stable,0.003360108920582926,0.9966398910794171,2.3121744791666665,0.010694715711805556
TRAIN_0359,stable,0.0011657895790089408,0.9988342104209911,1.9890407986111112,0.005486382378472222
TRAIN_0360,stable,0.022933735162560392,0.9770662648374396,2.8803236219618054,0.019232855902777776
TRAIN_0361,stable,0.0007363270144140034,0.999263672985586,1.85272216796875,0.0028889973958333335
TRAIN_0362,unstable,0.9999999999993157,6.843414723789465e-13,12.296217176649305,0.10584852430555555
TRAIN_0363,stable,0.5721272777356358,0.42787272226436424,4.086663140190972,0.043341742621527776
TRAIN_0364,stable,0.16456681622401897,0.835433183775981,3.5254923502604165,0.03523084852430555
TRAIN_0365,stable,0.011515279660805587,0.9884847203391944,2.6773139105902777,0.014451768663194444
TRAIN_0366,stable,0.0036102648503680314,0.9963897351496319,2.3342420789930554,0.011725531684027778
TRAIN_0367,unstable,0.9997312384054664,0.00026876159453359527,6.428093804253472,0.04281955295138889
TRAIN_0368,stable,0.001247744985082118,0.9987522550149179,2.0090467664930554,0.005730523003472222
TRAIN_0369,stable,0.5431832538671665,0.4568167461328335,4.049872504340278,0.042243109809027776
TRAIN_0370,unstable,0.2395880613844288,0.7604119386155712,3.658962673611111,0.028462727864583332
TRAIN_0371,stable,0.044341781014637954,0.9556582189853621,3.0876329210069446,0.02337646484375
TRAIN_0372,unstable,0.9999999999999858,1.4210854715202004e-14,13.442742241753471,0.1170993381076389
TRAIN_0373,stable,0.021939477254439205,0.9780605227455608,2.866665310329861,0.020894368489583332
TRAIN_0374,stable,0.0029933742766657554,0.9970066257233342,2.2767876519097223,0.008877224392361112
TRAIN_0375,stable,0.003478687808765498,0.9965213121912345,2.315185546875,0.010484483506944444
TRAIN_0376,unstable,0.9999834997869874,1.650021301258242e-05,7.255499945746528,0.050665961371527776
TRAIN_0377,stable,0.6030741711770382,0.3969258288229618,4.125644259982639,0.04161241319444445
TRAIN_0378,stable,0.015060216126128493,0.9849397838738715,2.761020236545139,0.016438802083333332
TRAIN_0379,unstable,0.996297866770846,0.0037021332291540254,5.649285210503472,0.03651258680555555
TRAIN_0380,unstable,1.0,0.0,15.23348659939236,0.12754991319444445
TRAIN_0381,stable,0.008954201055659404,0.9910457989443406,2.5983072916666665,0.013685438368055556
TRAIN_0382,stable,0.013477199427989478,0.9865228005720105,2.7280680338541665,0.017279730902777776
TRAIN_0383,unstable,1.0,0.0,16.06805419921875,0.1285400390625
TRAIN_0384,stable,0.0010212981192275754,0.9989787018807724,1.9504937065972223,0.004055447048611111
TRAIN_0385,stable,0.1129208851342712,0.8870791148657288,3.3843994140625,0.031155056423611112
TRAIN_0386,unstable,1.0,0.0,18.86327446831597,0.15599229600694445
TRAIN_0387,unstable,0.06765727645372172,0.9323427235462782,3.2117784288194446,0.014329698350694444
TRAIN_0388,stable,0.010241468802387079,0.9897585311976129,2.64471435546875,0.015787760416666668
TRAIN_0389,unstable,0.5661394740638884,0.4338605259361116,4.072299533420139,0.022488064236111112
TRAIN_0390,unstable,0.01242027265575229,0.9875797273442477,2.6978013780381946,0.012837727864583334
TRAIN_0391,stable,0.017229094602125343,0.9827709053978747,2.7979939778645835,0.017001681857638888
TRAIN_0392,stable,0.0008146056740633481,0.9991853943259367,1.8829481336805556,0.0037841796875
TRAIN_0393,unstable,0.8318951729170272,0.1681048270829728,4.463880750868055,0.023966471354166668
TRAIN_0394,stable,0.02334175326769248,0.9766582467323075,2.8842705620659723,0.017903645833333332
TRAIN_0395,unstable,1.0,0.0,16.04979790581597,0.14515516493055555
TRAIN_0396,stable,0.2564357801273219,0.7435642198726782,3.6919148763020835,0.03659396701388889
TRAIN_0397,stable,0.5509360269136484,0.4490639730863516,4.061760796440972,0.04507107204861111
TRAIN_0398,stable,0.38132690959219595,0.618673090407804,3.85235595703125,0.03840467664930555
TRAIN_0399,unstable,0.9997617833465908,0.00023821665340917342,6.464891221788195,0.04855685763888889
TRAIN_0400,unstable,0.9981407651429032,0.0018592348570968253,5.857598198784722,0.039510091145833336
TRAIN_0401,stable,0.0027985490288011685,0.9972014509711988,2.2569376627604165,0.007839626736111112
TRAIN_0402,stable,0.0032783185367485997,0.9967216814632514,2.29718017578125,0.011766221788194444
TRAIN_0403,unstable,0.9965902428739065,0.0034097571260934822,5.673414442274305,0.03624131944444445
TRAIN_0404,stable,0.3317153181787397,0.6682846818212602,3.793124728732639,0.038065592447916664
TRAIN_0405,unstable,1.0,0.0,20.54230414496528,0.1857028537326389
TRAIN_0406,unstable,1.0,0.0,22.01935492621528,0.1976386176215278
TRAIN_0407,unstable,0.996435279546176,0.003564720453824055,5.659939236111111,0.038092719184027776
TRAIN_0408,stable,0.08661324840385848,0.9133867515961416,3.293613009982639,0.028001573350694444
TRAIN_0409,stable,0.007561945112652709,0.9924380548873473,2.549038357204861,0.013834635416666666
TRAIN_0410,unstable,0.996711611217823,0.0032883887821769653,5.684041341145833,0.03305392795138889
TRAIN_0411,unstable,0.9992762920110764,0.0007237079889236275,6.135470920138889,0.03887939453125
TRAIN_0412,unstable,0.9873970142884575,0.012602985711542503,5.283433702256945,0.03311496310763889
TRAIN_0413,unstable,0.711814591583411,0.288185408416589,4.258734809027778,0.024197048611111112
TRAIN_0414,stable,0.015068211417964609,0.9849317885820353,2.7564900716145835,0.016682942708333332
TRAIN_0415,unstable,0.9927279955633196,0.007272004436680413,5.448771158854167,0.03432888454861111
TRAIN_0416,unstable,0.9998629230430053,0.00013707695699471945,6.627475314670139,0.04330105251736111
TRAIN_0417,unstable,1.0,0.0,15.317491319444445,0.1353420681423611
TRAIN_0418,unstable,0.9995127953877219,0.00048720461227813594,6.256259494357639,0.04426405164930555
TRAIN_0419,unstable,0.9999061366589486,9.386334105143668e-05,6.739162868923611,0.048970540364583336
TRAIN_0420,stable,0.002807752715633859,0.9971922472843662,2.2562323676215277,0.008266872829861112
TRAIN_0421,stable,0.21689415524835043,0.7831058447516496,3.633144802517361,0.036478678385416664
TRAIN_0422,unstable,1.0,0.0,22.06705050998264,0.2028740776909722
TRAIN_0423,stable,0.04383874452172834,0.9561612554782717,3.067837185329861,0.024990505642361112
TRAIN_0424,unstable,0.9999999999999969,3.1086244689504383e-15,13.88846164279514,0.1133761935763889
TRAIN_0425,stable,0.0035322842528726995,0.9964677157471273,2.3247273763020835,0.009426540798611112
TRAIN_0426,stable,0.06174699605806437,0.9382530039419357,3.1723836263020835,0.024705674913194444
TRAIN_0427,stable,0.43803409358286355,0.5619659064171365,3.9235161675347223,0.03972032335069445
TRAIN_0428,stable,0.006953323782715449,0.9930466762172846,2.5222371419270835,0.013217502170138888
TRAIN_0429,unstable,0.9999999999999925,7.549516567451064e-15,13.634229871961805,0.11570909288194445
TRAIN_0430,stable,0.024442102192510386,0.9755578978074896,2.8987901475694446,0.021457248263888888
TRAIN_0431,stable,0.0007829599025051995,0.9992170400974948,1.8708428276909723,0.004550509982638889
TRAIN_0432,stable,0.0029742713106305023,0.9970257286893695,2.2744140625,0.008694118923611112
TRAIN_0433,stable,0.021688457923936668,0.9783115420760633,2.8642442491319446,0.018900553385416668
TRAIN_0434,stable,0.32812618671199667,0.6718738132880033,3.7854817708333335,0.037455240885416664
TRAIN_0435,stable,0.02106748533332347,0.9789325146666765,2.856777615017361,0.018391927083333332
TRAIN_0436,stable,0.06399425510117991,0.93600574489882,3.1857842339409723,0.025709364149305556
TRAIN_0437,stable,0.007580531327099622,0.9924194686729004,2.5508015950520835,0.013481987847222222
TRAIN_0438,stable,0.018777254195972568,0.9812227458040275,2.824462890625,0.018805609809027776
TRAIN_0439,unstable,0.9644028379532763,0.035597162046723696,4.96875,0.031575520833333336
TRAIN_0440,unstable,0.9999999999999993,6.661338147750939e-16,14.333421495225695,0.11907280815972222
TRAIN_0441,stable,0.01122337763647023,0.9887766223635298,2.6663343641493054,0.014695909288194444
TRAIN_0442,unstable,0.9999999999999998,2.220446049250313e-16,14.66177707248264,0.12302652994791667
TRAIN_0443,unstable,0.945132377577431,0.05486762242256904,4.834479437934028,0.029391818576388888
TRAIN_0444,unstable,0.999431461858549,0.0005685381414509694,6.205973307291667,0.043416341145833336
TRAIN_0445,unstable,0.998256992086614,0.0017430079133859966,5.87298583984375,0.035040961371527776
TRAIN_0446,unstable,0.9999999999991245,8.755218772193984e-13,12.22381591796875,0.10760498046875
TRAIN_0447,unstable,0.9999999999971192,2.880806704297356e-12,11.870463053385416,0.09943305121527778
TRAIN_0448,stable,0.4124837217750372,0.5875162782249628,3.8934800889756946,0.04054090711805555
TRAIN_0449,unstable,0.9999999999999998,2.220446049250313e-16,14.782172309027779,0.127197265625
TRAIN_0450,unstable,1.0,0.0,19.90548366970486,0.18363444010416666
TRAIN_0451,unstable,1.0,0.0,24.61212158203125,0.220458984375
TRAIN_0452,unstable,1.0,0.0,20.982923719618057,0.16597493489583334
TRAIN_0453,stable,0.12477149888904876,0.8752285011109513,3.4224989149305554,0.028279622395833332
TRAIN_0454,stable,0.02685861841207037,0.9731413815879296,2.929721408420139,0.018452962239583332
TRAIN_0455,stable,0.007902522449227447,0.9920974775507726,2.560214572482639,0.014472113715277778
TRAIN_0456,unstable,1.0,0.0,15.094502766927084,0.12758382161458334
TRAIN_0457,unstable,1.0,0.0,18.305440266927082,0.14988199869791666
TRAIN_0458,unstable,0.9999999807378063,1.9262193728941668e-08,9.257147894965279,0.08106825086805555
TRAIN_0459,stable,0.003527269410738625,0.9964727305892613,2.3272772894965277,0.010891384548611112
TRAIN_0460,stable,0.2204510087652216,0.7795489912347784,3.6332804361979165,0.03559705946180555
TRAIN_0461,stable,0.0009409551915099574,0.9990590448084901,1.9269748263888888,0.005018446180555556
TRAIN_0462,stable,0.2166690987676247,0.7833309012323753,3.6278143988715277,0.03470187717013889
TRAIN_0463,unstable,0.9990864534477513,0.000913546552248734,6.06494140625,0.04448106553819445
TRAIN_0464,unstable,0.9377552532421737,0.06224474675782632,4.797214084201389,0.02783203125
TRAIN_0465,stable,0.020779261477223504,0.9792207385227765,2.8521864149305554,0.019063313802083332
TRAIN_0466,stable,0.0073288736425854905,0.9926711263574145,2.5437079535590277,0.012247721354166666
TRAIN_0467,stable,0.019841453229401226,0.9801585467705988,2.838955349392361,0.017300075954861112
TRAIN_0468,stable,0.00827069049391623,0.9917293095060837,2.576083713107639,0.012586805555555556
TRAIN_0469,stable,0.5414125819508974,0.45858741804910264,4.047661675347222,0.042717827690972224
TRAIN_0470,stable,0.003060315806889453,0.9969396841931105,2.28350830078125,0.008856879340277778
TRAIN_0471,stable,0.07675610220887803,0.9232438977911219,3.2560289171006946,0.026577419704861112
TRAIN_0472,stable,0.013097137251400593,0.9869028627485994,2.719089084201389,0.01678466796875
TRAIN_0473,unstable,0.9995745495147648,0.00042545048523523477,6.29266357421875,0.044331868489583336
TRAIN_0474,stable,0.005482773288770227,0.9945172267112298,2.4560750325520835,0.012498643663194444
TRAIN_0475,stable,0.28840591031520374,0.7115940896847963,3.7310791015625,0.03762478298611111
TRAIN_0476,unstable,0.9968093454854422,0.0031906545145578002,5.696906195746528,0.03204345703125
TRAIN_0477,unstable,0.9999889649431787,1.1035056821318001e-05,7.373569064670139,0.05169677734375
TRAIN_0478,unstable,0.5964982430247713,0.4035017569752287,4.115878634982639,0.031982421875
TRAIN_0479,unstable,1.0,0.0,15.753221299913195,0.13578287760416666
TRAIN_0480,unstable,0.9999999999998321,1.6786572132332367e-13,12.712761773003471,0.1092190212673611
TRAIN_0481,unstable,0.9997084025618576,0.00029159743814244354,6.405517578125,0.05015733506944445
TRAIN_0482,stable,0.027923487879062472,0.9720765121209375,2.9446546766493054,0.018975151909722224
TRAIN_0483,stable,0.023453853238029176,0.9765461467619708,2.8870713975694446,0.019382052951388888
TRAIN_0484,stable,0.3600226576942856,0.6399773423057145,3.828464084201389,0.03727891710069445
TRAIN_0485,unstable,0.8942227103038215,0.1057772896961785,4.623189290364583,0.0257568359375
TRAIN_0486,stable,0.19607813031275326,0.8039218696872468,3.5913899739583335,0.03371853298611111
TRAIN_0487,stable,0.0031295634754119808,0.9968704365245881,2.290439181857639,0.010206434461805556
TRAIN_0488,stable,0.003331494669301965,0.9966685053306981,2.3012559678819446,0.009874131944444444
TRAIN_0489,stable,0.0006987987133290457,0.999301201286671,1.8373277452256944,0.003546820746527778
TRAIN_0490,stable,0.021505113196122243,0.9784948868038778,2.8616536458333335,0.019605848524305556
TRAIN_0491,unstable,0.9932728324955673,0.006727167504432696,5.475497775607639,0.03685167100694445
TRAIN_0492,unstable,0.990865756090344,0.009134243909656004,5.379645453559028,0.030734592013888888
TRAIN_0493,unstable,1.0,0.0,19.92615424262153,0.1646050347222222
TRAIN_0494,stable,0.013886784907078955,0.986113215092921,2.737514919704861,0.017401801215277776
TRAIN_0495,stable,0.23920988725918818,0.7607901127408119,3.6671210394965277,0.03665500217013889
TRAIN_0496,stable,0.10437488526962528,0.8956251147303748,3.353725857204861,0.027357313368055556
TRAIN_0497,stable,0.006120864097535669,0.9938791359024644,2.4887627495659723,0.011488172743055556
TRAIN_0498,stable,0.07720286722312325,0.9227971327768767,3.257534450954861,0.026251898871527776
TRAIN_0499,unstable,0.9991032342675387,0.0008967657324613354,6.0693359375,0.042765299479166664
TRAIN_0500,unstable,0.9998936288100085,0.000106371189991461,6.701924641927083,0.045389811197916664
TRAIN_0501,unstable,0.8431318592552177,0.15686814074478228,4.489284939236111,0.030069986979166668
TRAIN_0502,stable,0.003160578958180196,0.9968394210418198,2.291531032986111,0.008517795138888888
TRAIN_0503,stable,0.0028503258712448314,0.9971496741287552,2.2548828125,0.009406195746527778
TRAIN_0504,unstable,0.967254435203689,0.032745564796310966,5.000820583767361,0.028218587239583332
TRAIN_0505,unstable,0.9183467910988131,0.08165320890118688,4.713819715711805,0.0455322265625
TRAIN_0506,unstable,0.9998826441781584,0.00011735582184158044,6.674513075086805,0.046624077690972224
TRAIN_0507,unstable,0.9948545803343138,0.005145419665686157,5.551093207465278,0.030971950954861112
TRAIN_0508,stable,0.003029800704160883,0.9969701992958391,2.2739664713541665,0.01080322265625
TRAIN_0509,unstable,0.9999999977813752,2.218624839400718e-09,9.898640950520834,0.08095296223958333
TRAIN_0510,unstable,0.9999725563920011,2.744360799888934e-05,7.103814019097222,0.04792616102430555
TRAIN_0511,stable,0.5517156313534016,0.4482843686465984,4.062486436631945,0.042351616753472224
TRAIN_0512,unstable,0.9999999994356668,5.643332467997197e-10,10.30428738064236,0.08648681640625
TRAIN_0513,stable,0.0017693879285691863,0.9982306120714308,2.1124810112847223,0.008280436197916666
TRAIN_0514,stable,0.12153969849845349,0.8784603015015465,3.407016330295139,0.029791937934027776
TRAIN_0515,stable,0.0075820357058662075,0.9924179642941338,2.5527886284722223,0.014031304253472222
TRAIN_0516,unstable,0.9999999999999902,9.769962616701378e-15,13.56008572048611,0.11983235677083333
TRAIN_0517,stable,0.0010842536880532822,0.9989157463119467,1.9676784939236112,0.005967881944444444
TRAIN_0518,stable,0.10436160516635745,0.8956383948336426,3.358642578125,0.029466417100694444
TRAIN_0519,unstable,0.9286634454578867,0.0713365545421133,4.753573947482639,0.029154459635416668
TRAIN_0520,stable,0.06660283175563717,0.9333971682443628,3.1975572374131946,0.0242919921875
TRAIN_0521,stable,0.016784083645000863,0.9832159163549992,2.78778076171875,0.016954210069444444
TRAIN_0522,unstable,0.9999999993571191,6.428808596581348e-10,10.26858181423611,0.0889892578125
TRAIN_0523,unstable,0.9961388537079874,0.0038611462920126183,5.636935763888889,0.036017523871527776
TRAIN_0524,stable,0.010525185031638105,0.9894748149683619,2.6478339301215277,0.013454861111111112
TRAIN_0525,stable,0.002125702262152504,0.9978742977378475,2.166537814670139,0.007893880208333334
TRAIN_0526,stable,0.03624028127576155,0.9637597187242385,3.0252821180555554,0.022637261284722224
TRAIN_0527,unstable,0.904647261771608,0.09535273822839196,4.661790635850695,0.027418348524305556
TRAIN_0528,stable,0.525371055201443,0.474628944798557,4.031548394097222,0.04452853732638889
TRAIN_0529,unstable,1.0,0.0,16.78057861328125,0.14775254991319445
TRAIN_0530,stable,0.006677414908064353,0.9933225850919356,2.5135565863715277,0.014004177517361112
TRAIN_0531,unstable,0.9999998577398812,1.4226011879614475e-07,8.662821451822916,0.06450059678819445
TRAIN_0532,stable,0.008520688644893052,0.9914793113551069,2.5827501085069446,0.014214409722222222
TRAIN_0533,unstable,0.9971968830624097,0.0028031169375902776,5.731587727864583,0.03660753038194445
TRAIN_0534,stable,0.0023068896365010427,0.997693110363499,2.1913045247395835,0.008443196614583334
TRAIN_0535,unstable,1.0,0.0,19.70819769965278,0.1632758246527778
TRAIN_0536,stable,0.002812637962451853,0.9971873620375481,2.24969482421875,0.008524576822916666
TRAIN_0537,stable,0.21992875742096374,0.7800712425790363,3.6286485460069446,0.03364393446180555
TRAIN_0538,stable,0.0032748119445348764,0.9967251880554652,2.302734375,0.009494357638888888
TRAIN_0539,unstable,0.9138589907825136,0.08614100921748635,4.690897623697917,0.0294189453125
TRAIN_0540,stable,0.0011796076382021002,0.9988203923617979,1.9925333658854167,0.005961100260416667
TRAIN_0541,stable,0.00773641679212059,0.9922635832078794,2.5558336046006946,0.014139811197916666
TRAIN_0542,stable,0.010944536573569648,0.9890554634264304,2.662624782986111,0.015713161892361112
TRAIN_0543,stable,0.013033156641693267,0.9869668433583068,2.714382595486111,0.01580810546875
TRAIN_0544,unstable,0.9876311845885666,0.01236881541143342,5.289313422309028,0.029595269097222224
TRAIN_0545,stable,0.166586709831491,0.833413290168509,3.524685329861111,0.03410508897569445
TRAIN_0546,unstable,0.9942370768438804,0.005762923156119593,5.528123643663195,0.041259765625
TRAIN_0547,unstable,0.9998132167059997,0.00018678329400034777,6.537807888454861,0.045783148871527776
TRAIN_0548,unstable,0.9999618275261769,3.8172473823094855e-05,7.018961588541667,0.053690592447916664
TRAIN_0549,unstable,0.9999996516890203,3.483109797253192e-07,8.39981418185764,0.05746799045138889
TRAIN_0550,stable,0.0036333924032949864,0.996366607596705,2.3355034722222223,0.009602864583333334
TRAIN_0551,stable,0.15242043966873894,0.847579560331261,3.4888509114583335,0.031975640190972224
TRAIN_0552,stable,0.0032515565169793236,0.9967484434830207,2.3007405598958335,0.008700900607638888
TRAIN_0553,unstable,0.9999999999999478,5.218048215738236e-14,13.056959364149305,0.10620795355902778
TRAIN_0554,stable,0.004827437403248472,0.9951725625967516,2.4188368055555554,0.012295193142361112
TRAIN_0555,unstable,1.0,0.0,15.970269097222221,0.12965901692708334
TRAIN_0556,unstable,0.9999999999999976,2.4424906541753444e-15,13.97506374782986,0.11494276258680555
TRAIN_0557,stable,0.08580220063645029,0.9141977993635497,3.2894422743055554,0.026611328125
TRAIN_0558,stable,0.228132636997948,0.771867363002052,3.6426866319444446,0.03497314453125
TRAIN_0559,stable,0.0009998770294098055,0.9990001229705902,1.9433186848958333,0.005527072482638889
TRAIN_0560,stable,0.024136530020254347,0.9758634699797456,2.8979085286458335,0.019999186197916668
TRAIN_0561,stable,0.06388012031446341,0.9361198796855366,3.1958685980902777,0.026319715711805556
TRAIN_0562,unstable,0.9992932579565188,0.0007067420434812011,6.141940646701389,0.039849175347222224
TRAIN_0563,unstable,0.9999999999927549,7.2450934140988466e-12,11.595316569010416,0.0973782009548611
TRAIN_0564,unstable,0.9999900438020216,9.956197978389092e-06,7.403422037760417,0.04665798611111111
TRAIN_0565,stable,0.04399959853956274,0.9560004014604373,3.0829535590277777,0.024868435329861112
TRAIN_0566,stable,0.0010241571814908726,0.9989758428185092,1.9522772894965277,0.004869249131944444
TRAIN_0567,unstable,0.9999999999999998,2.220446049250313e-16,14.766472710503471,0.1319308810763889
TRAIN_0568,stable,0.05323059689623381,0.9467694031037662,3.126620822482639,0.022915310329861112
TRAIN_0569,stable,0.08676231751575149,0.9132376824842485,3.2932196723090277,0.02642822265625
TRAIN_0570,unstable,0.5416128145558202,0.4583871854441798,4.045010036892361,0.03647189670138889
TRAIN_0571,stable,0.0023736347736546476,0.9976263652263454,2.1999376085069446,0.007805718315972222
TRAIN_0572,stable,0.011277482429010671,0.9887225175709893,2.6682196723090277,0.015943739149305556
TRAIN_0573,unstable,0.11943724521421094,0.880562754785789,3.4000718858506946,0.026814778645833332
TRAIN_0574,stable,0.0035238876253865284,0.9964761123746134,2.3177625868055554,0.011210123697916666
TRAIN_0575,stable,0.060411006294591535,0.9395889937054085,3.1814982096354165,0.024054633246527776
TRAIN_0576,unstable,0.9999999999966707,3.3293368062459194e-12,11.82497829861111,0.0976901584201389
TRAIN_0577,stable,0.003444373867612644,0.9965556261323874,2.319546169704861,0.010871039496527778
TRAIN_0578,stable,0.0033552512448324907,0.9966447487551675,2.304443359375,0.010633680555555556
TRAIN_0579,stable,0.008400953128805976,0.991599046871194,2.579800075954861,0.013129340277777778
TRAIN_0580,unstable,1.0,0.0,16.30324978298611,0.1310763888888889
TRAIN_0581,stable,0.016635699342245337,0.9833643006577547,2.7856241861979165,0.019327799479166668
TRAIN_0582,stable,0.01241623858039609,0.9875837614196039,2.703647189670139,0.016242133246527776
TRAIN_0583,unstable,0.998225385032373,0.0017746149676269862,5.86798095703125,0.040106879340277776
TRAIN_0584,unstable,0.7075903528748911,0.29240964712510886,4.253872341579861,0.040486653645833336
TRAIN_0585,unstable,0.8985528861252652,0.10144711387473482,4.637139214409722,0.027167426215277776
TRAIN_0586,stable,0.1925359876552203,0.8074640123447797,3.5868598090277777,0.03201633029513889
TRAIN_0587,unstable,1.0,0.0,18.58007134331597,0.1491427951388889
TRAIN_0588,unstable,0.9883948651175144,0.011605134882485602,5.308444552951389,0.033426920572916664
TRAIN_0589,stable,0.002154146502638488,0.9978458534973615,2.170383029513889,0.007005479600694444
TRAIN_0590,stable,0.014280598426438385,0.9857194015735616,2.7413533528645835,0.015997992621527776
TRAIN_0591,stable,0.003275427614312422,0.9967245723856876,2.296359592013889,0.010158962673611112
TRAIN_0592,unstable,0.994904695524003,0.005095304475997042,5.554640028211805,0.039191351996527776
TRAIN_0593,unstable,0.9094293927623981,0.09057060723760191,4.675584581163195,0.030598958333333332
TRAIN_0594,unstable,1.0,0.0,16.39324951171875,0.14447021484375
TRAIN_0595,unstable,0.7186850642192915,0.28131493578070854,4.268771701388889,0.024454752604166668
TRAIN_0596,stable,0.00237497195514179,0.9976250280448582,2.19989013671875,0.0072021484375
TRAIN_0597,stable,0.012651853845861875,0.9873481461541381,2.7086859809027777,0.016025119357638888
TRAIN_0598,unstable,0.22638082734721537,0.7736191726527846,3.6274210611979165,0.019972059461805556
TRAIN_0599,unstable,0.9674917779470495,0.03250822205295045,4.996615939670139,0.030985514322916668
TRAIN_0600,unstable,0.9999999999994049,5.950795411990839e-13,12.328538682725695,0.10590955946180555
TRAIN_0601,stable,0.0018656480523883809,0.9981343519476116,2.12823486328125,0.0076904296875
TRAIN_0602,stable,0.054741610688651146,0.9452583893113489,3.1531304253472223,0.025478786892361112
TRAIN_0603,stable,0.23703800243085232,0.7629619975691477,3.660434299045139,0.035698784722222224
TRAIN_0604,stable,0.008943413670827734,0.9910565863291723,2.598483615451389,0.01239013671875
TRAIN_0605,unstable,0.9999999999817741,1.822586526145642e-11,11.320929633246529,0.08603922526041667
TRAIN_0606,unstable,1.0,0.0,20.382276746961807,0.1631401909722222
TRAIN_0607,stable,0.023872734716074245,0.9761272652839258,2.8922932942708335,0.018846299913194444
TRAIN_0608,stable,0.0010250153774259067,0.9989749846225741,1.9512261284722223,0.006089952256944444
TRAIN_0609,unstable,0.9318265173221989,0.0681734826778011,4.766594780815972,0.030531141493055556
TRAIN_0610,unstable,0.999999998268055,1.7319450318353802e-09,9.974019368489584,0.099853515625
TRAIN_0611,stable,0.04887293256361467,0.9511270674363853,3.1030476888020835,0.024169921875
TRAIN_0612,stable,0.003338445987091038,0.996661554012909,2.3084174262152777,0.010830349392361112
TRAIN_0613,unstable,0.9999999750115114,2.4988488611654702e-08,9.180962456597221,0.07423909505208333
TRAIN_0614,unstable,1.0,0.0,17.77667914496528,0.1666531032986111
TRAIN_0615,unstable,0.8068187213683778,0.19318127863162216,4.413825141059028,0.023288302951388888
TRAIN_0616,unstable,0.999986963274962,1.3036725038051422e-05,7.326002332899305,0.05343967013888889
TRAIN_0617,unstable,0.9999180804137617,8.1919586238266e-05,6.7789306640625,0.043023003472222224
TRAIN_0618,unstable,0.9999989496500766,1.0503499233704972e-06,8.070088704427084,0.056599934895833336
TRAIN_0619,unstable,0.8993170118943453,0.10068298810565468,4.6429443359375,0.026679144965277776
TRAIN_0620,stable,0.24438470435999654,0.7556152956400035,3.674282497829861,0.036566840277777776
TRAIN_0621,unstable,0.8249591571297817,0.17504084287021826,4.450547960069445,0.026380750868055556
TRAIN_0622,stable,0.08395901047368033,0.9160409895263196,3.284213595920139,0.027696397569444444
TRAIN_0623,unstable,0.9987481898811756,0.001251810118824359,5.978013780381945,0.041571723090277776
TRAIN_0624,stable,0.002635210252701781,0.9973647897472983,2.2307196723090277,0.008321126302083334
TRAIN_0625,stable,0.0021137824193438602,0.9978862175806561,2.1652764214409723,0.007514105902777778
TRAIN_0626,unstable,0.9802055142714071,0.01979448572859288,5.146640353732639,0.032470703125
TRAIN_0627,stable,0.21958333756648135,0.7804166624335187,3.6286485460069446,0.03591579861111111
TRAIN_0628,unstable,1.0,0.0,19.631734212239582,0.15641276041666666
TRAIN_0629,unstable,0.9835081168254429,0.016491883174557076,5.202609592013889,0.032307942708333336
TRAIN_0630,stable,0.021106489260547843,0.9788935107394522,2.8560858832465277,0.017116970486111112
TRAIN_0631,unstable,0.9946241291155526,0.0053758708844473535,5.540642632378472,0.037163628472222224
TRAIN_0632,stable,0.010055270756976806,0.9899447292430232,2.6351250542534723,0.013637966579861112
TRAIN_0633,stable,0.01913069245615486,0.9808693075438452,2.8264973958333335,0.018948025173611112
TRAIN_0634,unstable,0.9997977015083992,0.00020229849160080526,6.51220703125,0.04637315538194445
TRAIN_0635,unstable,0.009162634175938135,0.9908373658240619,2.605862087673611,0.014980740017361112
TRAIN_0636,stable,0.04907191511294387,0.9509280848870562,3.1039360894097223,0.022894965277777776
TRAIN_0637,stable,0.006336444505443994,0.993663555494556,2.499111599392361,0.012769911024305556
TRAIN_0638,unstable,1.0,0.0,15.751810709635416,0.1278415256076389
TRAIN_0639,stable,0.0027459946365761493,0.9972540053634239,2.2436048719618054,0.007622612847222222
TRAIN_0640,unstable,0.9999999999675591,3.2440938824152e-11,11.151407877604166,0.09493001302083333
TRAIN_0641,stable,0.024053993721481932,0.975946006278518,2.8927747938368054,0.019666883680555556
TRAIN_0642,stable,0.013384470988568462,0.9866155290114316,2.7245619032118054,0.017015245225694444
TRAIN_0643,stable,0.006519094490187552,0.9934809055098125,2.506381564670139,0.011691623263888888
TRAIN_0644,unstable,0.9998467442272544,0.00015325577274560853,6.597384982638889,0.042243109809027776
TRAIN_0645,stable,0.0011899975003244554,0.9988100024996756,1.9947645399305556,0.005140516493055556
TRAIN_0646,stable,0.18643044786464516,0.8135695521353549,3.5712144639756946,0.03260633680555555
TRAIN_0647,unstable,0.9958732810203206,0.004126718979679422,5.617655436197917,0.03474256727430555
TRAIN_0648,unstable,0.9999882781072501,1.1721892749894103e-05,7.356669108072917,0.050543891059027776
TRAIN_0649,unstable,0.9999999825783471,1.7421652898086393e-08,9.288018120659721,0.06670464409722222
TRAIN_0650,unstable,0.021285308667534322,0.9787146913324657,2.8635728624131946,0.018412272135416668
TRAIN_0651,stable,0.13665419000707002,0.86334580999293,3.4519110785590277,0.029154459635416668
TRAIN_0652,unstable,1.0,0.0,21.051595052083332,0.1691623263888889
TRAIN_0653,unstable,0.9356561413672397,0.06434385863276026,4.786851671006945,0.028422037760416668
TRAIN_0654,unstable,0.9999997561494998,2.438505002366753e-07,8.5052490234375,0.0733642578125
TRAIN_0655,unstable,0.9999683059720331,3.169402796687759e-05,7.061882866753472,0.04684787326388889
TRAIN_0656,unstable,0.9978040160572634,0.002195983942736568,5.804606119791667,0.036017523871527776
TRAIN_0657,unstable,0.9999089554773574,9.104452264263596e-05,6.749749077690972,0.049187554253472224
TRAIN_0658,unstable,0.9936418161716012,0.006358183828398811,5.488532172309028,0.036994086371527776
TRAIN_0659,stable,0.015237102522592095,0.9847628974774079,2.76336669921875,0.015896267361111112
TRAIN_0660,unstable,0.999852970794389,0.00014702920561104893,6.608154296875,0.046895345052083336
TRAIN_0661,stable,0.022907158818373012,0.977092841181627,2.8797743055555554,0.019822862413194444
TRAIN_0662,unstable,0.9972905673775195,0.0027094326224804677,5.742099338107639,0.03759765625
TRAIN_0663,unstable,0.8739866727343422,0.12601332726565784,4.566982693142361,0.026536729600694444
TRAIN_0664,unstable,1.0,0.0,19.517686631944443,0.1568332248263889
TRAIN_0665,stable,0.008618368453794939,0.9913816315462051,2.5880059136284723,0.014017740885416666
TRAIN_0666,stable,0.003266654050869233,0.9967333459491308,2.3042399088541665,0.009535047743055556
TRAIN_0667,unstable,0.9796335117678192,0.02036648823218079,5.138068305121528,0.030219184027777776
TRAIN_0668,stable,0.006717542704615307,0.9932824572953847,2.515591091579861,0.01263427734375
TRAIN_0669,stable,0.04087632929707466,0.9591236707029254,3.0633748372395835,0.023593478732638888
TRAIN_0670,stable,0.0010053451390117686,0.9989946548609883,1.9459635416666667,0.005669487847222222
TRAIN_0671,unstable,0.995787145194886,0.004212854805114019,5.610846625434028,0.034220377604166664
TRAIN_0672,unstable,0.9998429714453408,0.00015702855465915544,6.586981879340278,0.04306369357638889
TRAIN_0673,unstable,0.9993248603954935,0.0006751396045064917,6.155877007378472,0.04391818576388889
TRAIN_0674,unstable,1.0,0.0,15.439168294270834,0.1377292209201389
TRAIN_0675,stable,0.007136919712811226,0.9928630802871887,2.5316704644097223,0.012919108072916666
TRAIN_0676,stable,0.3108140312933913,0.6891859687066086,3.762600368923611,0.03519015842013889
TRAIN_0677,stable,0.0036461831113914823,0.9963538168886085,2.3360731336805554,0.00970458984375
TRAIN_0678,stable,0.2171491308499793,0.7828508691500207,3.6246473524305554,0.03274875217013889
TRAIN_0679,unstable,1.0,0.0,20.15240478515625,0.16102430555555555
TRAIN_0680,stable,0.3186107707494506,0.6813892292505495,3.7729288736979165,0.0367431640625
TRAIN_0681,unstable,1.0,0.0,16.56292724609375,0.1409030490451389
TRAIN_0682,unstable,0.987492486006324,0.012507513993676,5.289191351996528,0.036383734809027776
TRAIN_0683,unstable,0.8870296112486592,0.1129703887513408,4.60052490234375,0.026821560329861112
TRAIN_0684,stable,0.007828048113124066,0.9921719518868759,2.5610148111979165,0.013380262586805556
TRAIN_0685,unstable,0.9983137689367155,0.0016862310632844713,5.883395724826389,0.043131510416666664
TRAIN_0686,stable,0.19676947166009592,0.803230528339904,3.5931532118055554,0.03315565321180555
TRAIN_0687,stable,0.014670141067159333,0.9853298589328406,2.7505628797743054,0.018018934461805556
TRAIN_0688,unstable,0.9997775642996268,0.00022243570037316918,6.484815809461805,0.04733615451388889
TRAIN_0689,stable,0.3743351311317545,0.6256648688682456,3.844204372829861,0.035834418402777776
TRAIN_0690,stable,0.02562070993755444,0.9743792900624456,2.9172498914930554,0.017578125
TRAIN_0691,unstable,1.0,0.0,16.969746907552082,0.14902750651041666
TRAIN_0692,unstable,0.959442457121969,0.04055754287803104,4.928005642361111,0.029873318142361112
TRAIN_0693,unstable,0.9999999999999125,8.748557434046234e-14,12.904045952690971,0.10380723741319445
TRAIN_0694,unstable,0.999999999999944,5.595524044110789e-14,13.035936143663195,0.10015190972222222
TRAIN_0695,unstable,0.9914212100882384,0.008578789911761642,5.403489854600695,0.034247504340277776
TRAIN_0696,stable,0.2781900738602839,0.7218099261397162,3.713290744357639,0.035807291666666664
TRAIN_0697,unstable,0.999999999999897,1.0302869668521453e-13,12.858439127604166,0.11676025390625
TRAIN_0698,stable,0.006558762060854265,0.9934412379391457,2.5095282660590277,0.012803819444444444
TRAIN_0699,stable,0.006117456531487729,0.9938825434685122,2.4891899956597223,0.011271158854166666
TRAIN_0700,stable,0.07679723159656243,0.9232027684034376,3.2553914388020835,0.026523166232638888
TRAIN_0701,unstable,0.9932820805629313,0.006717919437068676,5.472093370225695,0.03509521484375
TRAIN_0702,unstable,0.960464875547993,0.03953512445200702,4.935702853732639,0.030219184027777776
TRAIN_0703,unstable,0.9706885916985434,0.02931140830145662,5.028361002604167,0.030782063802083332
TRAIN_0704,unstable,0.9999999999999878,1.2212453270876722e-14,13.489576551649305,0.11794026692708333
TRAIN_0705,unstable,0.01338238528950155,0.9866176147104985,2.7223578559027777,0.015794542100694444
TRAIN_0706,stable,0.005767165599133031,0.994232834400867,2.4713066948784723,0.012179904513888888
TRAIN_0707,stable,0.0027993985432451705,0.9972006014567548,2.250515407986111,0.010308159722222222
TRAIN_0708,stable,0.08487033064403417,0.9151296693559658,3.286471896701389,0.024509006076388888
TRAIN_0709,unstable,0.999542441093585,0.00045755890641496766,6.269863552517361,0.04180908203125
TRAIN_0710,unstable,0.9991157009069511,0.0008842990930488792,6.073479546440972,0.04305691189236111
TRAIN_0711,unstable,1.0,0.0,15.664293077256945,0.1379462348090278
TRAIN_0712,unstable,1.0,0.0,15.340922037760416,0.13149007161458334
TRAIN_0713,stable,0.2575861246199191,0.7424138753800809,3.6838582356770835,0.034403483072916664
TRAIN_0714,stable,0.05311413490855986,0.9468858650914401,3.1254204644097223,0.024407280815972224
TRAIN_0715,stable,0.01579273847718466,0.9842072615228153,2.77227783203125,0.014390733506944444
TRAIN_0716,stable,0.0020456243381193574,0.9979543756618806,2.156521267361111,0.008273654513888888
TRAIN_0717,stable,0.0007610803222384354,0.9992389196777616,1.8624131944444444,0.003790961371527778
TRAIN_0718,unstable,0.9999461243655091,5.387563449088528e-05,6.90673828125,0.04452853732638889
TRAIN_0719,unstable,1.0,0.0,16.291646321614582,0.1448025173611111
TRAIN_0720,stable,0.0030799087600594044,0.9969200912399406,2.2770317925347223,0.008463541666666666
TRAIN_0721,unstable,0.9999227079870675,7.729201293249499e-05,6.796800401475695,0.04619004991319445
TRAIN_0722,stable,0.040025277782443504,0.9599747222175565,3.0547892252604165,0.022318522135416668
TRAIN_0723,unstable,1.0,0.0,15.07449001736111,0.13570149739583334
TRAIN_0724,stable,0.18358955506607774,0.8164104449339222,3.568881564670139,0.033881293402777776
TRAIN_0725,stable,0.0036907638150291853,0.9963092361849708,2.341464572482639,0.011162651909722222
TRAIN_0726,stable,0.14756332816486495,0.852436671835135,3.4939643012152777,0.03341335720486111
TRAIN_0727,stable,0.020151177289248128,0.9798488227107519,2.8437567816840277,0.018107096354166668
TRAIN_0728,stable,0.0036638359420701015,0.9963361640579299,2.3298204210069446,0.0115966796875
TRAIN_0729,stable,0.005835926454533651,0.9941640735454663,2.4740464952256946,0.012471516927083334
TRAIN_0730,stable,0.01419915554792917,0.9858008444520708,2.739474826388889,0.016832139756944444
TRAIN_0731,stable,0.003182048188472945,0.9968179518115271,2.294521755642361,0.009006076388888888
TRAIN_0732,stable,0.22202712932923982,0.7779728706707602,3.6359320746527777,0.035895453559027776
TRAIN_0733,unstable,1.0,0.0,21.068074544270832,0.16566975911458334
TRAIN_0734,unstable,0.9999999999994116,5.88418203051333e-13,12.340345594618055,0.10967339409722222
TRAIN_0735,unstable,1.0,0.0,20.829481336805557,0.16910807291666666
TRAIN_0736,unstable,0.9996450418754148,0.0003549581245851918,6.343892415364583,0.05300564236111111
TRAIN_0737,unstable,0.9978621297672513,0.0021378702327486954,5.812717013888889,0.03530544704861111
TRAIN_0738,stable,0.002065985778129663,0.9979340142218703,2.157986111111111,0.007805718315972222
TRAIN_0739,unstable,0.9275839885391229,0.07241601146087706,4.746561686197917,0.026658799913194444
TRAIN_0740,stable,0.02014990397056335,0.9798500960294366,2.8408067491319446,0.016262478298611112
TRAIN_0741,unstable,1.0,0.0,16.175733778211807,0.14082166883680555
TRAIN_0742,unstable,0.900649841277984,0.09935015872201602,4.645026312934028,0.02850341796875
TRAIN_0743,unstable,0.9999999999996367,3.632649736573512e-13,12.481486002604166,0.10479736328125
TRAIN_0744,unstable,0.29582064182011775,0.7041793581798823,3.738186306423611,0.03299289279513889
TRAIN_0745,stable,0.010500964259054564,0.9894990357409454,2.6461113823784723,0.015516493055555556
TRAIN_0746,unstable,0.999996672721375,3.3272786249538555e-06,7.730014377170139,0.05644395616319445
TRAIN_0747,unstable,0.9994791191623492,0.0005208808376507834,6.237887912326389,0.04305691189236111
TRAIN_0748,unstable,0.9999145291570961,8.547084290388973e-05,6.766269259982639,0.045796712239583336
TRAIN_0749,unstable,0.14112269975601965,0.8588773002439803,3.4566582573784723,0.025702582465277776
TRAIN_0750,unstable,0.9997424068583759,0.00025759314162410174,6.44085693359375,0.04050021701388889
TRAIN_0751,unstable,0.999999999950939,4.906097750279059e-11,11.028788248697916,0.09587266710069445
TRAIN_0752,unstable,0.9980616205237179,0.0019383794762820594,5.842380099826389,0.03554958767361111
TRAIN_0753,unstable,0.9999915238543207,8.476145679336966e-06,7.452521430121528,0.05575222439236111
TRAIN_0754,stable,0.009598001215114145,0.9904019987848859,2.6192084418402777,0.013834635416666666
TRAIN_0755,unstable,0.9896264364325961,0.010373563567403932,5.3419189453125,0.032613118489583336
TRAIN_0756,stable,0.020414927522201313,0.9795850724777987,2.8452080620659723,0.016879611545138888
TRAIN_0757,stable,0.0008359769231074197,0.9991640230768926,1.8912556966145833,0.004896375868055556
TRAIN_0758,unstable,0.9482726137523914,0.05172738624760864,4.852681477864583,0.029649522569444444
TRAIN_0759,stable,0.03933641104123344,0.9606635889587666,3.0491943359375,0.023579915364583332
TRAIN_0760,unstable,0.9998563543598629,0.00014364564013713554,6.614407009548611,0.050699869791666664
TRAIN_0761,stable,0.16956966801119475,0.8304303319888052,3.5342949761284723,0.032958984375
TRAIN_0762,unstable,0.9959691043826017,0.0040308956173983335,5.623623318142361,0.03451877170138889
TRAIN_0763,stable,0.02212500089510367,0.9778749991048963,2.869350857204861,0.0203857421875
TRAIN_0764,unstable,0.9601050385410431,0.03989496145895688,4.933620876736111,0.030585394965277776
TRAIN_0765,unstable,0.331202705748909,0.668797294251091,3.78155517578125,0.020670572916666668
TRAIN_0766,unstable,0.9330471802092508,0.06695281979074919,4.772501627604167,0.027316623263888888
TRAIN_0767,stable,0.3858983597185737,0.6141016402814263,3.861233181423611,0.037760416666666664
TRAIN_0768,unstable,0.9998478030630592,0.00015219693694079606,6.604085286458333,0.044474283854166664
TRAIN_0769,unstable,1.0,0.0,17.139058430989582,0.1349758572048611
TRAIN_0770,stable,0.3989194133826716,0.6010805866173283,3.8759562174479165,0.037712944878472224
TRAIN_0771,unstable,1.0,0.0,19.54079861111111,0.15781656901041666
TRAIN_0772,unstable,0.9958119935582131,0.004188006441786851,5.612040201822917,0.03451877170138889
TRAIN_0773,stable,0.002558607673140746,0.9974413923268592,2.2225409613715277,0.007568359375
TRAIN_0774,unstable,0.9999999999999996,4.440892098500626e-16,14.46173095703125,0.11492919921875
TRAIN_0775,stable,0.04151988616802041,0.9584801138319796,3.06451416015625,0.024000379774305556
TRAIN_0776,unstable,0.738069509575275,0.26193049042472505,4.300130208333333,0.03717041015625
TRAIN_0777,unstable,0.9999999999999771,2.2870594307278225e-14,13.300496419270834,0.11564127604166667
TRAIN_0778,stable,0.05129891252318496,0.948701087476815,3.1322157118055554,0.02374267578125
TRAIN_0779,stable,0.235576315507676,0.764423684492324,3.6622382269965277,0.035407172309027776
TRAIN_0780,unstable,0.9999999608772066,3.91227934493088e-08,9.048414442274305,0.07666693793402778
TRAIN_0781,unstable,0.9999999999999998,2.220446049250313e-16,14.69509548611111,0.12764485677083334
TRAIN_0782,unstable,0.9999999999999931,6.8833827526759706e-15,13.65816921657986,0.11579047309027778
TRAIN_0783,stable,0.1375615304897839,0.8624384695102161,3.450649685329861,0.029317220052083332
TRAIN_0784,stable,0.006043418279144459,0.9939565817208555,2.4855278862847223,0.012790256076388888
TRAIN_0785,stable,0.009764313045078545,0.9902356869549215,2.6243082682291665,0.013868543836805556
TRAIN_0786,stable,0.006233161177190152,0.9937668388228098,2.4948662651909723,0.013515896267361112
TRAIN_0787,unstable,0.9967277301469551,0.0032722698530448513,5.688774956597222,0.036064995659722224
TRAIN_0788,unstable,1.0,0.0,20.74732123480903,0.163818359375
TRAIN_0789,stable,0.3881359550878888,0.6118640449121112,3.861667209201389,0.03726535373263889
TRAIN_0790,stable,0.1170954535629648,0.8829045464370352,3.3966200086805554,0.028544108072916668
TRAIN_0791,unstable,0.9999999999814126,1.858735387827437e-11,11.31631808810764,0.0983547634548611
TRAIN_0792,unstable,0.9999999999999951,4.884981308350689e-15,13.761589898003471,0.1162448459201389
TRAIN_0793,unstable,0.9987717157660578,0.0012282842339421673,5.980733235677083,0.03895399305555555
TRAIN_0794,unstable,0.999859418970622,0.000140581029377973,6.619723849826389,0.04376220703125
TRAIN_0795,unstable,0.9995728437166599,0.00042715628334011324,6.293830023871528,0.04171413845486111
TRAIN_0796,unstable,0.9999782195267118,2.1780473288157687e-05,7.17205810546875,0.05636935763888889
TRAIN_0797,unstable,0.9998879834657272,0.00011201653427284075,6.687764485677083,0.04501681857638889
TRAIN_0798,unstable,0.06587731785654034,0.9341226821434596,3.2198350694444446,0.02069091796875
TRAIN_0799,unstable,1.0,0.0,14.89725070529514,0.12178548177083333
TRAIN_0800,unstable,0.7431893911206755,0.2568106088793245,4.308668348524305,0.02410888671875
TRAIN_0801,stable,0.3319104284443811,0.6680895715556189,3.7903917100694446,0.03685167100694445
TRAIN_0802,unstable,0.9921113985523573,0.007888601447642696,5.426337348090278,0.03622097439236111
TRAIN_0803,unstable,1.0,0.0,15.363104926215279,0.13649495442708334
TRAIN_0804,unstable,0.9999064768596191,9.352314038091336e-05,6.741366916232639,0.047932942708333336
TRAIN_0805,stable,0.006821084958927913,0.9931789150410721,2.518215603298611,0.013495551215277778
TRAIN_0806,stable,0.3734476732490986,0.6265523267509014,3.8448079427083335,0.0352783203125
TRAIN_0807,unstable,1.0,0.0,17.02621120876736,0.15216064453125
TRAIN_0808,stable,0.0007582153348761795,0.9992417846651238,1.8615044487847223,0.004584418402777778
TRAIN_0809,unstable,0.9939950666455106,0.006004933354489372,5.504808213975695,0.03299289279513889
TRAIN_0810,stable,0.0009852505546855902,0.9990147494453144,1.9399074978298612,0.005289713541666667
TRAIN_0811,unstable,0.9999992164804603,7.835195396932448e-07,8.160420735677084,0.0712619357638889
TRAIN_0812,stable,0.2081001491021307,0.7918998508978693,3.605224609375,0.030999077690972224
TRAIN_0813,unstable,1.0,0.0,22.61371527777778,0.2028876410590278
TRAIN_0814,unstable,0.9999436723446851,5.632765531493611e-05,6.891377766927083,0.047810872395833336
TRAIN_0815,unstable,1.0,0.0,18.546040852864582,0.15529378255208334
TRAIN_0816,unstable,0.37000090040736233,0.6299990995926377,3.8337334526909723,0.019707573784722224
TRAIN_0817,unstable,0.9936324899696902,0.006367510030309775,5.497260199652778,0.04493543836805555
TRAIN_0818,unstable,0.04026233872007588,0.9597376612799241,3.051723904079861,0.015957302517361112
TRAIN_0819,stable,0.003181519756217661,0.9968184802437824,2.2885199652777777,0.009738498263888888
TRAIN_0820,unstable,0.9999179774008751,8.202259912493126e-05,6.780341254340278,0.05029296875
TRAIN_0821,stable,0.01833271256045132,0.9816672874395487,2.8144124348958335,0.017252604166666668
TRAIN_0822,unstable,0.9999534160615445,4.658393845546893e-05,6.9471435546875,0.04641384548611111
TRAIN_0823,unstable,0.8571386383020093,0.14286136169799069,4.521436903211805,0.024983723958333332
TRAIN_0824,unstable,0.9995177805569015,0.00048221944309845277,6.257520887586805,0.045756022135416664
TRAIN_0825,stable,0.1118686086385794,0.8881313913614206,3.3823988172743054,0.029927571614583332
TRAIN_0826,unstable,0.9948758751029531,0.005124124897046944,5.552646213107639,0.039632161458333336
TRAIN_0827,unstable,0.9998886174141373,0.00011138258586274041,6.689548068576389,0.04423692491319445
TRAIN_0828,stable,0.002409707902462806,0.9975902920975372,2.2032606336805554,0.007670084635416667
TRAIN_0829,stable,0.06893623321889185,0.9310637667811081,3.2186347113715277,0.026265462239583332
TRAIN_0830,unstable,0.9838761799161921,0.01612382008380786,5.210788302951389,0.03685167100694445
TRAIN_0831,stable,0.0009544909816005129,0.9990455090183995,1.9309421115451388,0.005181206597222222
TRAIN_0832,unstable,0.321709547924796,0.678290452075204,3.782436794704861,0.036017523871527776
TRAIN_0833,unstable,0.9878037017935426,0.012196298206457401,5.293402777777778,0.032341851128472224
TRAIN_0834,stable,0.15889162738551638,0.8411083726144837,3.513576931423611,0.035407172309027776
TRAIN_0835,stable,0.0024496807304964685,0.9975503192695035,2.2089775933159723,0.008877224392361112
TRAIN_0836,unstable,1.0,0.0,19.07535129123264,0.1577080620659722
TRAIN_0837,unstable,0.9311859237901245,0.06881407620987545,4.761678059895833,0.030910915798611112
TRAIN_0838,unstable,0.6214950716600104,0.3785049283399896,4.13909912109375,0.025010850694444444
TRAIN_0839,unstable,0.9999989717501948,1.028249805190562e-06,8.07815890842014,0.05567762586805555
TRAIN_0840,unstable,0.9999999999999734,2.6645352591003757e-14,13.26156277126736,0.1150173611111111
TRAIN_0841,unstable,0.9934380431177569,0.006561956882243147,5.476881239149305,0.034586588541666664
TRAIN_0842,unstable,0.9999999999997708,2.291500322826323e-13,12.619398328993055,0.10906982421875
TRAIN_0843,unstable,0.9993647777652337,0.0006352222347663083,6.173000759548611,0.043863932291666664
TRAIN_0844,stable,0.020753085129866358,0.9792469148701336,2.8541666666666665,0.019544813368055556
TRAIN_0845,unstable,0.9999999997160722,2.8392777018382276e-10,10.507188585069445,0.08299424913194445
TRAIN_0846,unstable,0.6930638839493137,0.30693611605068627,4.23223876953125,0.0238037109375
TRAIN_0847,unstable,0.9999999921297139,7.870286089506351e-09,9.52322048611111,0.0853000217013889
TRAIN_0848,stable,0.0010671719076365371,0.9989328280923635,1.9629787868923612,0.00604248046875
TRAIN_0849,unstable,0.9999999999525513,4.744871162642994e-11,11.039435492621529,0.08805338541666667
TRAIN_0850,stable,0.015813715458783607,0.9841862845412164,2.7756822374131946,0.017544216579861112
TRAIN_0851,stable,0.002528047189045796,0.9974719528109542,2.218783908420139,0.00775146484375
TRAIN_0852,unstable,0.996294771486261,0.0037052285137390006,5.648824055989583,0.03471544053819445
TRAIN_0853,unstable,0.9999556339542403,4.436604575974723e-05,6.961127387152778,0.04928927951388889
TRAIN_0854,stable,0.019672580419259258,0.9803274195807408,2.8348185221354165,0.018269856770833332
TRAIN_0855,stable,0.10813515501325217,0.8918648449867478,3.3704833984375,0.029262966579861112
TRAIN_0856,stable,0.01367946635994578,0.9863205336400542,2.7303263346354165,0.014322916666666666
TRAIN_0857,unstable,0.9999977719886335,2.2280113665118506e-06,7.848517523871528,0.051093207465277776
TRAIN_0858,stable,0.0007599472189421344,0.9992400527810579,1.8626030815972223,0.003167046440972222
TRAIN_0859,stable,0.03931309087157025,0.9606869091284298,3.048495822482639,0.023579915364583332
TRAIN_0860,unstable,0.9994930179251669,0.0005069820748331288,6.240098741319445,0.044657389322916664
TRAIN_0861,stable,0.0007698230785313031,0.9992301769214686,1.8660481770833333,0.004340277777777778
TRAIN_0862,stable,0.18742278597663847,0.8125772140233616,3.5698377821180554,0.03361680772569445
TRAIN_0863,stable,0.30431851818756805,0.695681481812432,3.750522189670139,0.034844292534722224
TRAIN_0864,unstable,1.0,0.0,22.80438232421875,0.2098456488715278
TRAIN_0865,stable,0.1011108838867523,0.8988891161132477,3.347873263888889,0.029188368055555556
TRAIN_0866,unstable,0.9983944785603595,0.0016055214396405448,5.898484971788195,0.04249403211805555
TRAIN_0867,unstable,0.9999999999999998,2.220446049250313e-16,14.57370334201389,0.12299940321180555
TRAIN_0868,stable,0.002602399682303771,0.9973976003176962,2.226901584201389,0.007344563802083333
TRAIN_0869,stable,0.676591955576276,0.32340804442372395,4.216966417100695,0.041937934027777776
TRAIN_0870,stable,0.019998572698623693,0.9800014273013763,2.840176052517361,0.016811794704861112
TRAIN_0871,unstable,0.9999999912437217,8.756278258026384e-09,9.492607964409721,0.0860256618923611
TRAIN_0872,stable,0.01779369686990568,0.9822063031300943,2.806362575954861,0.018717447916666668
TRAIN_0873,unstable,0.9999999999999891,1.0880185641326534e-14,13.51931423611111,0.11235215928819445
TRAIN_0874,unstable,0.999999999999649,3.510525203864745e-13,12.49277072482639,0.10424126519097222
TRAIN_0875,unstable,0.9999492402427177,5.075975728230375e-05,6.923244900173611,0.046563042534722224
TRAIN_0876,unstable,0.9995585500954864,0.0004414499045135578,6.281243218315972,0.04283311631944445
TRAIN_0877,stable,0.012390767829090897,0.9876092321709091,2.7017686631944446,0.01641845703125
TRAIN_0878,unstable,0.18579237965524728,0.8142076203447527,3.5535753038194446,0.03346082899305555
TRAIN_0879,stable,0.02432363793792276,0.9756763620620772,2.8979288736979165,0.020840115017361112
TRAIN_0880,stable,0.022687684892566583,0.9773123151074334,2.879482693142361,0.019015842013888888
TRAIN_0881,stable,0.02117839782084765,0.9788216021791524,2.8608601888020835,0.018751356336805556
TRAIN_0882,unstable,0.9999999999999394,6.061817714453355e-14,13.01247829861111,0.10633680555555555
TRAIN_0883,stable,0.006677747912750332,0.9933222520872497,2.5144856770833335,0.012261284722222222
TRAIN_0884,stable,0.008302241962650512,0.9916977580373495,2.5752699110243054,0.013970269097222222
TRAIN_0885,unstable,0.7962409789564476,0.20375902104355237,4.394721137152778,0.024576822916666668
TRAIN_0886,stable,0.005821480746962846,0.9941785192530371,2.474270290798611,0.012071397569444444
TRAIN_0887,unstable,0.9999246532625194,7.534673748055276e-05,6.8035888671875,0.044820149739583336
TRAIN_0888,stable,0.07771762404477563,0.9222823759552243,3.2588975694444446,0.026387532552083332
TRAIN_0889,unstable,0.9976421831567414,0.002357816843258642,5.788255479600695,0.037726508246527776
TRAIN_0890,stable,0.008783300106218233,0.9912166998937818,2.5931260850694446,0.013142903645833334
TRAIN_0891,unstable,0.9999999997892492,2.1075075018472944e-10,10.59634060329861,0.08949110243055555
TRAIN_0892,unstable,1.0,0.0,25.79952663845486,0.22859022352430555
TRAIN_0893,unstable,0.9975727834546826,0.002427216545317412,5.774366590711805,0.035746256510416664
TRAIN_0894,stable,0.0007397327162330338,0.9992602672837669,1.8538886176215277,0.003933376736111111
TRAIN_0895,unstable,0.9999999999995437,4.563016631209393e-13,12.413581000434029,0.10670301649305555
TRAIN_0896,stable,0.03839766381748044,0.9616023361825196,3.0234307183159723,0.024041069878472224
TRAIN_0897,unstable,0.9998460815632778,0.00015391843672218908,6.594102647569445,0.0482177734375
TRAIN_0898,stable,0.015646721269911814,0.9843532787300882,2.7659979926215277,0.017381456163194444
TRAIN_0899,stable,0.007166029243209197,0.9928339707567908,2.5356241861979165,0.013753255208333334
TRAIN_0900,unstable,0.9412180460381836,0.0587819539618164,4.812961154513889,0.029588487413194444
TRAIN_0901,unstable,0.9987540251497499,0.001245974850250131,5.975470648871528,0.03730604383680555
TRAIN_0902,unstable,0.9999999910077483,8.992251721018363e-09,9.483907063802084,0.08028157552083333
TRAIN_0903,stable,0.18977173446769363,0.8102282655323063,3.5769856770833335,0.034769694010416664
TRAIN_0904,stable,0.0008340745145490281,0.999165925485451,1.8909437391493056,0.004869249131944444
TRAIN_0905,stable,0.0036835119514261852,0.9963164880485739,2.3311089409722223,0.010932074652777778
TRAIN_0906,unstable,1.0,0.0,23.532579210069443,0.20656331380208334
TRAIN_0907,unstable,0.9371673358439434,0.0628326641560566,4.791307237413195,0.029425726996527776
TRAIN_0908,stable,0.0021092506383270024,0.997890749361673,2.164822048611111,0.008097330729166666
TRAIN_0909,unstable,1.0,0.0,16.229871961805557,0.13972303602430555
TRAIN_0910,stable,0.0010957772158731217,0.9989042227841268,1.9707709418402777,0.006273057725694444
TRAIN_0911,unstable,0.9999912248547541,8.775145245887295e-06,7.441602918836805,0.05213758680555555
TRAIN_0912,unstable,0.9954565240533106,0.004543475946689357,5.588182237413195,0.036492241753472224
TRAIN_0913,stable,0.2876908574659965,0.7123091425340036,3.73077392578125,0.037543402777777776
TRAIN_0914,unstable,0.992653698289454,0.007346301710545955,5.444485134548611,0.030714246961805556
TRAIN_0915,stable,0.0022758540200462085,0.9977241459799537,2.1872965494791665,0.007900661892361112
TRAIN_0916,stable,0.000973350233203218,0.9990266497667968,1.9366115993923612,0.005323621961805556
TRAIN_0917,unstable,0.9975631223661483,0.0024368776338516973,5.773661295572917,0.03736707899305555
TRAIN_0918,unstable,0.9992664881221744,0.0007335118778255545,6.132520887586805,0.04208713107638889
TRAIN_0919,unstable,0.9999806748523237,1.932514767633009e-05,7.209120008680555,0.054361979166666664
TRAIN_0920,stable,0.30948737850251024,0.6905126214974897,3.7612169053819446,0.03592258029513889
TRAIN_0921,stable,0.026501580817016587,0.9734984191829834,2.926968044704861,0.019483778211805556
TRAIN_0922,stable,0.003004884359862637,0.9969951156401373,2.2777099609375,0.010287814670138888
TRAIN_0923,unstable,1.0,0.0,17.477918836805557,0.14067247178819445
TRAIN_0924,unstable,0.999999999969484,3.05160341440569e-11,11.16958279079861,0.09473334418402778
TRAIN_0925,stable,0.0033263985444976444,0.9966736014555023,2.3014051649305554,0.011142306857638888
TRAIN_0926,stable,0.0007985464620199537,0.9992014535379801,1.8767632378472223,0.0036146375868055555
TRAIN_0927,stable,0.0026144497859278346,0.9973855502140722,2.237277560763889,0.009195963541666666
TRAIN_0928,stable,0.0029526303599093067,0.9970473696400907,2.2726643880208335,0.009324815538194444
TRAIN_0929,stable,0.0027931617060734815,0.9972068382939265,2.2495524088541665,0.010050455729166666
TRAIN_0930,unstable,0.9984962743946848,0.0015037256053151982,5.917575412326389,0.03718397352430555
TRAIN_0931,unstable,0.9999644095277703,3.559047222967404e-05,7.027628580729167,0.046142578125
TRAIN_0932,stable,0.002163292893423899,0.9978367071065761,2.172092013888889,0.007968478732638888
TRAIN_0933,unstable,0.9999999999999618,3.8191672047105385e-14,13.151482476128471,0.11114501953125
TRAIN_0934,stable,0.024341979233485442,0.9756580207665145,2.900051540798611,0.019517686631944444
TRAIN_0935,stable,0.05996730002857326,0.9400326999714267,3.16522216796875,0.023647732204861112
TRAIN_0936,stable,0.31276799788355786,0.6872320021164422,3.7646416558159723,0.038187662760416664
TRAIN_0937,unstable,0.9991421200264106,0.0008578799735894371,6.083509657118055,0.03756374782986111
TRAIN_0938,stable,0.08176415299799208,0.9182358470020079,3.2766859266493054,0.027194552951388888
TRAIN_0939,stable,0.002541789384750755,0.9974582106152492,2.2198961046006946,0.007887098524305556
TRAIN_0940,stable,0.012999519184649611,0.9870004808153504,2.715121799045139,0.016649034288194444
TRAIN_0941,unstable,0.9950106452740746,0.004989354725925432,5.560350206163195,0.034186469184027776
TRAIN_0942,unstable,0.9998054191502892,0.00019458084971080147,6.53094482421875,0.041497124565972224
TRAIN_0943,unstable,0.9314799294160879,0.06852007058391207,4.764071994357639,0.031439887152777776
TRAIN_0944,unstable,0.9896207404491789,0.010379259550821085,5.341233995225695,0.03249782986111111
TRAIN_0945,unstable,0.9999928286083298,7.171391670168781e-06,7.501458062065972,0.04940456814236111
TRAIN_0946,unstable,0.9995259239731672,0.0004740760268328037,6.261854383680555,0.041924370659722224
TRAIN_0947,stable,0.185497503122586,0.8145024968774139,3.565707736545139,0.033915201822916664
TRAIN_0948,unstable,0.9911257410240171,0.00887425897598293,5.388176812065972,0.034294976128472224
TRAIN_0949,stable,0.11198355713665441,0.8880164428633456,3.3814629448784723,0.0277099609375
TRAIN_0950,unstable,0.9999999819459943,1.8054005734846612e-08,9.277581108940971,0.0748562282986111
TRAIN_0951,unstable,0.3366090315534342,0.6633909684465658,3.798129611545139,0.03658718532986111
TRAIN_0952,unstable,0.9998456777662681,0.00015432223373190723,6.592142740885417,0.05123562282986111
TRAIN_0953,unstable,1.0,0.0,15.091376410590279,0.1270412868923611
TRAIN_0954,stable,0.0007334765994488345,0.9992665234005512,1.8513726128472223,0.0034586588541666665
TRAIN_0955,unstable,0.9947272588312477,0.005272741168752315,5.544521755642361,0.035149468315972224
TRAIN_0956,unstable,1.0,0.0,18.915690104166668,0.17270914713541666
TRAIN_0957,stable,0.07954461391785225,0.9204553860821477,3.2664998372395835,0.025343153211805556
TRAIN_0958,unstable,0.9998963472675804,0.00010365273241963457,6.711439344618055,0.04958767361111111
TRAIN_0959,unstable,1.0,0.0,21.63125949435764,0.1907077365451389
TRAIN_0960,stable,0.19190958419607534,0.8080904158039246,3.5753851996527777,0.03274875217013889
TRAIN_0961,stable,0.06299943120264456,0.9370005687973555,3.17919921875,0.024590386284722224
TRAIN_0962,unstable,0.1855525850341421,0.8144474149658579,3.5523749457465277,0.019599066840277776
TRAIN_0963,unstable,0.9998798194767957,0.00012018052320428296,6.670850965711805,0.04513888888888889
TRAIN_0964,unstable,0.9999999946000229,5.399977132114486e-09,9.634867350260416,0.08350287543402778
TRAIN_0965,stable,0.023890558693818294,0.9761094413061817,2.8939683702256946,0.01776123046875
TRAIN_0966,stable,0.0010557342114032202,0.9989442657885967,1.9596286349826388,0.006123860677083333
TRAIN_0967,stable,0.0022023534709479666,0.997797646529052,2.1771443684895835,0.007683648003472222
TRAIN_0968,stable,0.2731113434971749,0.7268886565028251,3.7130194769965277,0.03622775607638889
TRAIN_0969,stable,0.2499786371748382,0.7500213628251617,3.683620876736111,0.03495958116319445
TRAIN_0970,stable,0.0224886695702768,0.9775113304297232,2.8740437825520835,0.019809299045138888
TRAIN_0971,unstable,0.9989709083428064,0.0010290916571935593,6.033331976996528,0.041008843315972224
TRAIN_0972,stable,0.008987072645490764,0.9910129273545092,2.600375705295139,0.01422119140625
TRAIN_0973,stable,0.0032000525583061657,0.9967999474416939,2.2897745768229165,0.010118272569444444
TRAIN_0974,unstable,1.0,0.0,16.068223741319443,0.13078477647569445
TRAIN_0975,stable,0.0009161186443488241,0.9990838813556512,1.9182535807291667,0.004984537760416667
TRAIN_0976,unstable,0.9999998892317837,1.1076821626598843e-07,8.737108018663195,0.06532796223958333
TRAIN_0977,stable,0.003685182765356109,0.9963148172346439,2.3323974609375,0.010715060763888888
TRAIN_0978,unstable,0.9745067550955447,0.02549324490445526,5.070210774739583,0.03143310546875
TRAIN_0979,stable,0.06470280981957718,0.9352971901804228,3.186306423611111,0.025505913628472224
TRAIN_0980,unstable,1.0,0.0,18.36269802517361,0.16834852430555555
TRAIN_0981,stable,0.17679711383987967,0.8232028861601204,3.5489366319444446,0.03253173828125
TRAIN_0982,unstable,1.0,0.0,16.612711588541668,0.1376614040798611
TRAIN_0983,unstable,0.2979909259719533,0.7020090740280467,3.7418009440104165,0.030687120225694444
TRAIN_0984,stable,0.0008635873461531668,0.9991364126538468,1.9011094835069444,0.004224989149305556
TRAIN_0985,stable,0.022152782657195762,0.9778472173428042,2.8713243272569446,0.020399305555555556
TRAIN_0986,stable,0.04039530337028303,0.9596046966297169,3.0572916666666665,0.023593478732638888
TRAIN_0987,stable,0.002579351201164222,0.9974206487988357,2.2258097330729165,0.008958604600694444
TRAIN_0988,stable,0.005666051524724355,0.9943339484752757,2.466152615017361,0.011542426215277778
TRAIN_0989,stable,0.0008962838710899071,0.9991037161289101,1.9120754665798612,0.005086263020833333
TRAIN_0990,stable,0.05684044703198219,0.9431595529680178,3.1478407118055554,0.025472005208333332
TRAIN_0991,stable,0.04499300143767021,0.9550069985623297,3.091159396701389,0.023593478732638888
TRAIN_0992,unstable,0.9999999999999998,2.220446049250313e-16,14.87747531467014,0.1247287326388889
TRAIN_0993,stable,0.057747347969778165,0.9422526520302218,3.152133517795139,0.024990505642361112
TRAIN_0994,unstable,0.9999884479853498,1.155201465019573e-05,7.363091362847222,0.057454427083333336
TRAIN_0995,stable,0.006944400671540375,0.9930555993284597,2.5250990125868054,0.013400607638888888
TRAIN_0996,stable,0.0008775055051641747,0.9991224944948358,1.9066704644097223,0.005262586805555556
TRAIN_0997,stable,0.0007983215081412908,0.9992016784918587,1.8767971462673612,0.0032484266493055555
TRAIN_0998,unstable,0.998561937727827,0.001438062272173024,5.930230034722222,0.03748914930555555
TRAIN_0999,stable,0.5613626950391423,0.43863730496085773,4.072245279947917,0.045145670572916664
TRAIN_1000,stable,0.000770185109824278,0.9992298148901757,1.8658786349826388,0.0037638346354166665
